tp,wl,mean_ap,sd_ap
1,400,0.08272386815113333,0.00316360830901765
1,404.6,0.08770112898446668,0.00233961735401035
1,408.7,0.093007564731473,0.00320542136355923
1,412.5,0.09800559444055466,0.00335965706832276
1,416.9,0.10306903764813968,0.00345465975852139
1,421.4,0.108398037231473,0.00320856949221867
1,426.5,0.11355549931480634,0.00317194303132206
1,430.9,0.11810312931480632,0.00255828234964882
1,435.5,0.12136904306480634,0.0031874499442566
1,439.8,0.12123211181480632,0.00328358512903074
1,444.8,0.11850620556480632,0.00300438646969249
1,449.9,0.11243334639813966,0.00324867352511117
1,455,0.10663763431480631,0.00283301301183646
1,459.4,0.10302888931480636,0.00275572581358342
1,463.8,0.100522663481473,0.00325062426996503
1,468.7,0.09949159431480632,0.00273065057743397
1,470,0.09919000668115852,0.00268881469061695
1,474,0.098262044731473,0.00258851490707551
1,479.2,0.09632360306480632,0.00311505022191992
1,484.1,0.09267174931480632,0.00229682173093512
1,489.2,0.08652650931480634,0.00275113071619449
1,493.9,0.07827370514813967,0.00246778471291253
1,498.9,0.06938244764813967,0.00209893731546362
1,503.8,0.06154645639813966,0.0020509248618274
1,508.7,0.05501537898446667,0.00179819034581601
1,514,0.0491258160678,0.0016860727440155
1,519.7,0.04374316565113333,0.00148459912228818
1,524.8,0.03892217815113334,0.00130542991950622
1,529.9,0.03460621764813967,0.00119515943586637
1,532,0.03300030631835244,0.0011355535392913
1,534.6,0.0310120351481397,0.00106421952944249
1,539.6,0.02785879389813966,9.083991180695684e-4
1,544.4,0.02515490098147299,9.125823351253656e-4
1,549.7,0.022912277231473,7.910521152083867e-4
1,554.6,0.02108831056480633,7.648266304524804e-4
1,560.1,0.01966272889813966,6.972360427350877e-4
1,565.2,0.01877592098147299,5.473740567541594e-4
1,569.8,0.01831420764813966,5.329179712051678e-4
1,574.2,0.01816105023446673,5.743213667466661e-4
1,579,0.01815212881929693,4.718566530864426e-4
1,583.4,0.01822890499045413,5.266889764449906e-4
1,587.8,0.01831833377947556,4.761419804859015e-4
1,592.7,0.01828401425881643,4.8072815903758425e-4
1,597.4,0.018156909274185,4.1502994465818417e-4
1,602.1,0.01787757601141016,3.764505502530984e-4
1,607,0.01756943226141016,4.4873662217168194e-4
1,612,0.01741814550841643,3.748597914882679e-4
1,616.9,0.0174659474427485,3.4944985528293936e-4
1,621.9,0.01770349543825793,3.2154658806981553e-4
1,626.5,0.0182614070737875,3.421149501885586e-4
1,631.2,0.0193413936856642,3.712233292579534e-4
1,635.8,0.02096481486510573,4.214167267270485e-4
1,640.8,0.022946572231473,4.2254074885725903e-4
1,645.3,0.02446003264813967,4.8460285607871057e-4
1,650.2,0.02523583389813967,4.7119067701877586e-4
1,654.9,0.02617636231780007,4.132416476891883e-4
1,659.3,0.02867386964474596,4.6471878223732936e-4
1,660,0.02936971869689821,4.791909162232368e-4
1,663.9,0.03324659198746043,5.598329960534895e-4
1,668.8,0.0387000910678,5.255566975786888e-4
1,673.2,0.04268359181480633,6.275832364515011e-4
1,677.6,0.04289610756181267,6.174326906472819e-4
1,681.9,0.03862802756181267,5.984587798480113e-4
1,686.1,0.030802188253629,5.250732972464663e-4
1,690,0.02219302056480633,3.658816760097824e-4
1,693.9,0.01509827004564409,2.183470516869923e-4
1,697.8,0.0102459765625095,2.1218829710912252e-4
1,701.8,0.00718859607448436,2.5576893766854705e-4
1,705.5,0.00543302986270576,2.3760702026816137e-4
1,709.1,0.00438358001090706,3.838128709353153e-4
1,712.8,0.0038508027844568,2.639799754850332e-4
1,716.6,0.00361352055760653,3.7568467795487056e-4
1,719.8,0.00362872938404936,2.615264279515413e-4
1,723.2,0.0037871919679765,3.2976260975220933e-4
1,726.5,0.0040987195203665,2.2199924985407237e-4
1,729.4,0.00407208921167976,2.2603539151845373e-4
1,732.3,0.0041259638718559,3.013279943108774e-4
1,735.3,0.00411181116606473,3.754376410548041e-4
1,738.3,0.00396292522195156,4.103013924243582e-4
1,741.3,0.00366699949111383,5.866808691284248e-4
1,744.2,0.00317706561616536,6.596443110130397e-4
1,746.7,0.00261139127764457,4.60304351977568e-4
1,749.4,0.00197333424321686,5.629501570365885e-4
2,400,0.08562961336133,0.00619656946221671
2,404.6,0.09064337669466332,0.00588862196158271
2,408.7,0.09637851160402866,0.0060612682824925
2,412.5,0.10151080725168732,0.00601936616416896
2,416.9,0.10675872035402868,0.00472882561921511
2,421.4,0.11230560702069532,0.00518893772307275
2,426.5,0.11764658410402869,0.00585875006881789
2,430.9,0.12281264160402866,0.00491159964329149
2,435.5,0.126050433687362,0.00499572459334355
2,439.8,0.12597008827069534,0.00408240669088125
2,444.8,0.123117587437362,0.00413175428496599
2,449.9,0.11672231827069532,0.00442021887855885
2,455,0.110809924937362,0.00383732030503319
2,459.4,0.10720220577069534,0.00394800100273266
2,463.8,0.10484787660402868,0.00382003163957767
2,468.7,0.103485776187362,0.00414542743841066
2,470,0.10316398377384,0.00401422549924359
2,474,0.10217385327069534,0.00361362673537351
2,479.2,0.099964022437362,0.00359031068268403
2,484.1,0.096097199937362,0.00321168923605631
2,489.2,0.09010856327069532,0.00302188531888458
2,493.9,0.08149904827069533,0.00315557298680144
2,498.9,0.07214781660402866,0.00293950960234762
2,503.8,0.06398363327069533,0.00264050134692835
2,508.7,0.05710846586133,0.00231299550149989
2,514,0.05089255752799667,0.00207993314161858
2,519.7,0.04522499086133,0.00177318779047494
2,524.8,0.04018305377799667,0.00146112216856334
2,529.9,0.03568645577069533,0.00141462426019956
2,532,0.03401094172814215,0.00135797629147635
2,534.6,0.03193649577069537,0.00129044563236879
2,539.6,0.0286660432706954,0.00113404302292067
2,544.4,0.0258812282706954,0.00112655815435198
2,549.7,0.0235666128540287,9.49368420731753e-4
2,554.6,0.02169410493736207,9.716074611417348e-4
2,560.1,0.02025045993736203,8.577447970221819e-4
2,565.2,0.0192961782706954,8.174153000570498e-4
2,569.8,0.0188642032706954,7.194187122532558e-4
2,574.2,0.01871050002799656,7.082253466331121e-4
2,579,0.01870907548998046,6.647238442014841e-4
2,583.4,0.01880831187593227,6.650852791091153e-4
2,587.8,0.01890429396480453,6.054930762416439e-4
2,592.7,0.0188280988045579,6.613037308121868e-4
2,597.4,0.01872469480921566,4.765843312339814e-4
2,602.1,0.01840359667704056,5.067965904279092e-4
2,607,0.0181510370937072,5.043926949863166e-4
2,612,0.01797106908640603,4.958928893419053e-4
2,616.9,0.0180263745726848,5.357188548208905e-4
2,621.9,0.0183290561033997,3.158885740069201e-4
2,626.5,0.01890573187593226,3.6766554003270246e-4
2,631.2,0.0200809448975837,3.930124088458885e-4
2,635.8,0.02179103511309216,3.826813351475305e-4
2,640.8,0.0238431228540287,3.468701769549084e-4
2,645.3,0.02542024910402873,3.657417936653668e-4
2,650.2,0.02620291327069536,4.2751329900323496e-4
2,654.9,0.0271313433613299,3.4079701803084255e-4
2,659.3,0.029715019711909,4.048315106089383e-4
2,660,0.03043771435713485,4.228990440764871e-4
2,663.9,0.03446415595196433,5.253306316539946e-4
2,668.8,0.04015078044466334,5.719774548716684e-4
2,673.2,0.044321304937362,6.525630355486205e-4
2,677.6,0.044507115680061,6.065404962897486e-4
2,681.9,0.04003611359672766,5.715444510643079e-4
2,686.1,0.0318903455595926,4.243156884693396e-4
2,690,0.02293566743736203,2.460136746344996e-4
2,693.9,0.01556129273909936,2.069101744600295e-4
2,697.8,0.01054851837240773,2.720408139397258e-4
2,701.8,0.0073863699849458,2.664137478759665e-4
2,705.5,0.00552507722084766,1.841570161083096e-4
2,709.1,0.0044201293815985,2.535741533397448e-4
2,712.8,0.00387049872185606,2.260329359291041e-4
2,716.6,0.00363652959396183,9.940645228405216e-5
2,719.8,0.00361696281576553,1.677544620779902e-4
2,723.2,0.00374840626415553,1.6150259010971656e-5
2,726.5,0.00398130076692623,4.255860352296338e-4
2,729.4,0.0040482558510159,9.193870032641002e-5
2,732.3,0.0041147246243048,3.505351273832628e-5
2,735.3,0.00399661745814233,4.212338469493506e-4
2,738.3,0.00390455893032296,3.276127570613864e-4
2,741.3,0.00344772237858566,4.1528793202135015e-4
2,744.2,0.00308257116723075,3.9475648307661914e-4
2,746.7,0.00238441292226545,3.802282164148546e-4
2,749.4,0.00172171062996851,7.001992007595681e-4
3,400,0.09414197943623,0.00801264061228815
3,404.6,0.10040015985289669,0.00757847110380188
3,408.7,0.10617820708950132,0.00624517476692712
3,412.5,0.11158009403035,0.00561858570668905
3,416.9,0.117858141256168,0.00563815838016783
3,421.4,0.12357242208950132,0.00570761846201564
3,426.5,0.12946848708950134,0.00560036813823289
3,430.9,0.13520805083950133,0.00560736877150793
3,435.5,0.138441156256168,0.00581855343019608
3,439.8,0.13834303458950134,0.00549278675913566
3,444.8,0.13472989792283466,0.00533896015997877
3,449.9,0.127863093756168,0.00568887772984563
3,455,0.12153983042283469,0.00507668179496769
3,459.4,0.11751930292283468,0.00538051064794743
3,463.8,0.11495911708950134,0.00449575635268393
3,468.7,0.112984351256168,0.00409097306237368
3,470,0.11256858836308624,0.00413203318479613
3,474,0.11128931792283464,0.00429619845888614
3,479.2,0.108740368756168,0.00383425415844871
3,484.1,0.10461597958950132,0.00357230149549369
3,489.2,0.098152712506168,0.00366470145635946
3,493.9,0.08911541625616799,0.00384971508019769
3,498.9,0.07905826083950133,0.00364626517784031
3,503.8,0.07023705208950133,0.003312103902177
3,508.7,0.06257139068623001,0.00282781348351419
3,514,0.05559360735289666,0.00263797419868147
3,519.7,0.04928971401956333,0.0022723310793389
3,524.8,0.04372188110289666,0.00179962035445484
3,529.9,0.03883395458950133,0.00175851804672689
3,532,0.0370268196958843,0.00168060967243344
3,534.6,0.03478941458950133,0.00158429638290609
3,539.6,0.03125306292283463,0.00146141621448591
3,544.4,0.0282595570895013,0.00148439316276776
3,549.7,0.02583888417283463,0.0013373680276202
3,554.6,0.02382764292283463,0.00125935673851703
3,560.1,0.02227931292283463,0.00112308061865712
3,565.2,0.0212703745895013,0.00110443500682463
3,569.8,0.02076141125616796,0.0011458931564908
3,574.2,0.0206227944362299,0.00110312434548885
3,579,0.02058925456792753,9.90647865870798e-4
3,583.4,0.02066689996302043,0.00106123128720744
3,587.8,0.02075683496347146,0.00100672904144312
3,592.7,0.02065433280372793,0.00106859579646781
3,597.4,0.02050159371437346,9.662474745504196e-4
3,602.1,0.020188089723454,0.00103727048376792
3,607,0.01990834555678733,0.00101630607719693
3,612,0.01972990237672539,9.239364354808968e-4
3,616.9,0.0198279309397403,0.00118440821885885
3,621.9,0.02007254137798076,0.00114437854566291
3,626.5,0.0206866816296871,0.0010617078780658
3,631.2,0.02186708195825466,9.87273929358116e-4
3,635.8,0.02361216386584079,9.917550625361472e-4
3,640.8,0.02565203292283463,9.68318528033991e-4
3,645.3,0.02719848792283463,9.549753620474826e-4
3,650.2,0.02797897125616793,9.517959735672964e-4
3,654.9,0.02903728485289656,9.677659056624166e-4
3,659.3,0.03187728473243683,9.552269868180792e-4
3,660,0.03265882604084962,9.490550107535882e-4
3,663.9,0.037013127616292,9.146787292188714e-4
3,668.8,0.04316858651956334,9.859412134072556e-4
3,673.2,0.04763777042283467,0.0010421733271225
3,677.6,0.04790642140943933,0.0010438648614813
3,681.9,0.043141596826106,9.732030259633056e-4
3,686.1,0.034499991047609,8.685285760359751e-4
3,690,0.02492448792283463,8.134975108870701e-4
3,693.9,0.0170427150614554,6.637472062132443e-4
3,697.8,0.01168110652046526,6.175850610300249e-4
3,701.8,0.00830026090737966,5.864312049607047e-4
3,705.5,0.00628249672049226,5.234947954702769e-4
3,709.1,0.0050568410534723,4.914778480455353e-4
3,712.8,0.0044988539836319,4.782757925471822e-4
3,716.6,0.004198890236789,4.758375897099891e-4
3,719.8,0.00424850102968086,4.085838916277707e-4
3,723.2,0.0043365353977276,3.654437923921496e-4
3,726.5,0.00467006959047816,5.529077420939828e-4
3,729.4,0.00473767930866623,5.026997090636591e-4
3,732.3,0.00477500927856063,4.4025329803747826e-4
3,735.3,0.00466183936846376,4.0354089287894366e-4
3,738.3,0.00448858957792463,3.5803171500611825e-4
3,741.3,0.0039611757726372,5.031624358096502e-4
3,744.2,0.00359256218579346,6.679724402357916e-4
3,746.7,0.00288365667967464,5.540984232910888e-4
3,749.4,0.00224243531729573,9.357683735350196e-4
4,400,0.103854391123696,0.00220864590602872
4,404.6,0.11025444070702932,0.00432980493752331
4,408.7,0.11681419251997233,0.00430336955999077
4,412.5,0.12311295925423668,0.0039415360482392
4,416.9,0.12996521501997232,0.00380996088170476
4,421.4,0.136866329186639,0.00378311053346562
4,426.5,0.14318585085330568,0.00467441924880821
4,430.9,0.149137712936639,0.00498519529650139
4,435.5,0.152930780436639,0.0045201853952508
4,439.8,0.15255585085330567,0.00477278361380102
4,444.8,0.14834530085330566,0.00415720808363544
4,449.9,0.14125254251997235,0.0047350318401036
4,455,0.13444919335330566,0.00425992054000925
4,459.4,0.13032220501997233,0.00442617106534809
4,463.8,0.12714204751997235,0.00451695221705739
4,468.7,0.124696301686639,0.00419988097183253
4,470,0.12409130764575849,0.00407608329702182
4,474,0.12222978751997234,0.00371899024944317
4,479.2,0.119237261686639,0.00343437039467171
4,484.1,0.11488269251997234,0.00344927843012386
4,489.2,0.108216570436639,0.00393289610127304
4,493.9,0.098795039186639,0.00421088970015194
4,498.9,0.08814663710330567,0.00413841905698524
4,503.8,0.07823836085330567,0.0038390760964164
4,508.7,0.06951519320702933,0.00315174066866292
4,514,0.06148337945702933,0.0023832832230324
4,519.7,0.054259629873696,0.00175843950866613
4,524.8,0.04790800404036267,0.00128934027851051
4,529.9,0.042470791686639,0.00108623992282781
4,532,0.04046919809621347,0.00100188831765687
4,534.6,0.03799103460330567,9.027009088267304e-4
4,539.6,0.034165186686639,8.031021739666381e-4
4,544.4,0.0309545112699723,7.200177024186138e-4
4,549.7,0.02829819210330563,7.168535316974746e-4
4,554.6,0.0261311600199723,6.715505837617124e-4
4,560.1,0.0244605025199723,6.393825784417918e-4
4,565.2,0.0233284075199723,5.927408623513506e-4
4,569.8,0.0228149450199723,4.533800246044105e-4
4,574.2,0.02262719737369603,5.613369145874691e-4
4,579,0.02261514292555786,5.080122394834094e-4
4,583.4,0.0226778537478101,5.10343384088396e-4
4,587.8,0.02272743459488517,5.712750887722828e-4
4,592.7,0.02265061182028453,5.064160274194892e-4
4,597.4,0.02246520462236863,5.631509405923947e-4
4,602.1,0.02210691439054276,5.996790400046701e-4
4,607,0.0218022052238761,5.949480383272497e-4
4,612,0.0216494203701524,5.467116499036311e-4
4,616.9,0.0216992532910293,4.7660213152388175e-4
4,621.9,0.0220305808021104,4.804384648520856e-4
4,626.5,0.02263129083114343,4.6547075196907354e-4
4,631.2,0.02384585239851883,4.7435956129431256e-4
4,635.8,0.02561167804701133,5.651280148363662e-4
4,640.8,0.02768911918663896,5.728694889389744e-4
4,645.3,0.02922801918663896,5.604334495124268e-4
4,650.2,0.0300933700199723,4.896741185092084e-4
4,654.9,0.03130613362369603,6.12356817039382e-4
4,659.3,0.03449595579944967,4.483141364788958e-4
4,660,0.03535619121602487,4.3992769278972376e-4
4,663.9,0.04014893139408633,4.12626574506872e-4
4,668.8,0.04687870945702933,4.416454259645227e-4
4,673.2,0.05177990960330567,3.2384921825516624e-4
4,677.6,0.05210196433291533,3.072806263237551e-4
4,681.9,0.04701257391624866,2.8331157872309436e-4
4,686.1,0.037610147929768,3.725479058841299e-4
4,690,0.02726009793663897,4.88299398923114e-4
4,693.9,0.0186619107139002,6.033565043411528e-4
4,697.8,0.0128557494845128,6.588343498061838e-4
4,701.8,0.00915304889940763,6.737598249602895e-4
4,705.5,0.00697184142955173,7.162044321648819e-4
4,709.1,0.00569860894174383,7.557081666226158e-4
4,712.8,0.00504375382140136,6.551934148644097e-4
4,716.6,0.00478169475092676,7.130540083453692e-4
4,719.8,0.00483746314454823,5.619170785004939e-4
4,723.2,0.0049777722141457,5.124804220637886e-4
4,726.5,0.00520020777931066,3.82033906594996e-4
4,729.4,0.0054071617606979,4.969773171413246e-4
4,732.3,0.00541531202111819,4.4419298820013185e-4
4,735.3,0.00522699509204303,9.505490084235212e-5
4,738.3,0.00512486095973066,9.90997832064186e-5
4,741.3,0.00454434193246943,3.698519869978563e-4
4,744.2,0.00403807476513613,1.6399354758768784e-4
4,746.7,0.00318342920795303,3.348166216670468e-4
4,749.4,0.00245822859846369,6.309696663821113e-4
5,400,0.114933155871143,0.00510631694159308
5,404.6,0.12145437420447634,0.00668806192382688
5,408.7,0.12777504514676333,0.00723172384562131
5,412.5,0.135596526265358,0.0048324909818864
5,416.9,0.14263136264676332,0.00549294798491958
5,421.4,0.15003233264676333,0.00608009572226846
5,426.5,0.15717723431343,0.0064871756936491
5,430.9,0.16381314348009632,0.00618318772150684
5,435.5,0.16788929764676333,0.00565292559695631
5,439.8,0.16744760223009666,0.0058824367244045
5,444.8,0.16249981764676333,0.00647538873769818
5,449.9,0.15522127931343,0.00618990328614139
5,455,0.14751824848009634,0.00500268500888195
5,459.4,0.14281899389676334,0.00620265649896322
5,463.8,0.13902249931342966,0.0059546291689244
5,468.7,0.13655782681343,0.00581867551881755
5,470,0.13604993664047402,0.00550161864257267
5,474,0.13448719764676334,0.00454003981516403
5,479.2,0.13117454556343,0.00457804314582466
5,484.1,0.12648134348009668,0.00453421170739177
5,489.2,0.11900029431342966,0.00511666490523866
5,493.9,0.10826390098009664,0.00559171007321614
5,498.9,0.09643990139676334,0.00549767542951869
5,503.8,0.08570534181342966,0.00504677197696237
5,508.7,0.07633846920447633,0.0041281324327831
5,514,0.067712772121143,0.00334817054359153
5,519.7,0.059941153371143,0.00271811350585599
5,524.8,0.05312990045447633,0.00215893302626436
5,529.9,0.04718236848009666,0.0019738683459441
5,532,0.04502662148541581,0.00183298403821147
5,534.6,0.04235760139676333,0.00166319307789484
5,539.6,0.03817894973009667,0.00155991329047746
5,544.4,0.03463332473009666,0.0014219072574685
5,549.7,0.0317410951467632,0.00131364633811805
5,554.6,0.02940339431342986,0.00119854299704464
5,560.1,0.02755453098009653,0.00115514401426976
5,565.2,0.02630674431342987,0.00111904220455204
5,569.8,0.02578041014676316,0.00100890460344034
5,574.2,0.02560966170447623,9.191013028269584e-4
5,579,0.02562000810833277,8.690381349833399e-4
5,583.4,0.02573191981990233,8.497240830751487e-4
5,587.8,0.02584363298789043,7.546000669079816e-4
5,592.7,0.02575405639240773,7.434037684009483e-4
5,597.4,0.0255597622405334,5.946712562444085e-4
5,602.1,0.02520865155722703,4.683021485563196e-4
5,607,0.0248753757238937,5.726314582683837e-4
5,612,0.02467472416618063,4.162567924737849e-4
5,616.9,0.02478153795395033,4.653828425580117e-4
5,621.9,0.0250653033257141,3.451362735964659e-4
5,626.5,0.02582341815323566,2.645777046569211e-4
5,631.2,0.02717106732756146,4.4014503588846366e-4
5,635.8,0.02917744134420116,4.4488289686254854e-4
5,640.8,0.03144461139676317,4.276389537635531e-4
5,645.3,0.03321015764676317,4.6446829482663674e-4
5,650.2,0.03416106764676333,5.04906795404295e-4
5,654.9,0.03551892628780966,4.4667810429345267e-4
5,659.3,0.039058005112823,5.89792003689052e-4
5,660,0.04002344926961069,5.803682229726651e-4
5,663.9,0.045402352428856,5.304284900701832e-4
5,668.8,0.052890279621143003,5.733887555061664e-4
5,673.2,0.05829046973009667,6.052632475668003e-4
5,677.6,0.05864344775571667,6.655911904178336e-4
5,681.9,0.05295001233905,6.362033693383434e-4
5,686.1,0.042515468562769,5.311133689607132e-4
5,690,0.03103053014676316,4.004996027529061e-4
5,693.9,0.0215067278718036,4.900628098342948e-4
5,697.8,0.0150772492904525,4.218215174196586e-4
5,701.8,0.0109630805213047,3.949129864855057e-4
5,705.5,0.0085102892368387,3.811525682960996e-4
5,709.1,0.00714257474661483,5.51960151384682e-4
5,712.8,0.00638705039875879,4.222397909317738e-4
5,716.6,0.00614533174134243,5.453410274191302e-4
5,719.8,0.00611059500574366,6.366508785890812e-4
5,723.2,0.0062579452894276,6.139723819333548e-4
5,726.5,0.00655954400773933,3.6974243917308727e-4
5,729.4,0.00665062300417943,9.81597724102499e-4
5,732.3,0.00675594057814113,5.459401969474003e-4
5,735.3,0.00670392574243453,9.006643116481901e-4
5,738.3,0.0064411186624049,8.067029382095795e-4
5,741.3,0.00587569677069776,7.592356620081026e-4
5,744.2,0.00519185677122366,9.882370633217238e-4
5,746.7,0.00436002852491836,0.0010180539302527
5,749.4,0.00349399081955163,0.00109325389896796
6,400,0.121064077970411,0.00778183657899939
6,404.6,0.12810733320850634,0.01019913316013214
6,408.7,0.135899699422705,0.00836935450795241
6,412.5,0.14369278727391735,0.00769078460101048
6,416.9,0.151822482279848,0.00752284403226768
6,421.4,0.15969751894651463,0.00836832088115401
6,426.5,0.16727727608937168,0.00817640763900734
6,430.9,0.17479709466080032,0.0080478784167146
6,435.5,0.17961808418461,0.00758683818112285
6,439.8,0.17928157513699097,0.00701551879599513
6,444.8,0.17417289799413369,0.00769150398668341
6,449.9,0.165768539422705,0.00756272137256295
6,455,0.157455730375086,0.00611921093511698
6,459.4,0.1519573956131813,0.00719119669793303
6,463.8,0.148162568470324,0.00649353349421358
6,468.7,0.14616354180365768,0.00675880866341253
6,470,0.1457338269788598,0.00653195705934552
6,474,0.14441162751794334,0.00583417850030921
6,479.2,0.14132946847032432,0.00554022478614191
6,484.1,0.13609761799413367,0.00527167059565256
6,489.2,0.12746418942270502,0.00510181371763223
6,493.9,0.11531325561318134,0.00515780251504876
6,498.9,0.10238960656556234,0.00454536729958031
6,503.8,0.09084288608937167,0.00404202322501522
6,508.7,0.08096033511326833,0.00358282040406368
6,514,0.07205829511326833,0.00298422142754164
6,519.7,0.06408310844660166,0.00253277533505224
6,524.8,0.05684216749422066,0.00221602378638718
6,529.9,0.050496919422705,0.00189318303369438
6,532,0.04815267112483264,0.00182683300017384
6,534.6,0.045250268470324,0.00175085865979773
6,539.6,0.04068478704175266,0.00164767462066224
6,544.4,0.036803141327467,0.00148738453609296
6,549.7,0.03362108370841933,0.00139132461511199
6,554.6,0.03103247132746703,0.00127737412608706
6,560.1,0.0290367637084194,0.00114775656341183
6,565.2,0.02770523656556223,0.00107262739855391
6,569.8,0.02711522085127653,0.00107682024644949
6,574.2,0.02695788177993493,0.0010441891822271
6,579,0.0270010970061689,9.390098111340626e-4
6,583.4,0.0271313512562994,9.342684006120256e-4
6,587.8,0.02727810330646463,8.874063699312034e-4
6,592.7,0.02725100836730503,8.387957604822126e-4
6,597.4,0.02705498740679516,8.440263024256205e-4
6,602.1,0.02667110918547963,9.262239184911824e-4
6,607,0.02628509728071776,8.973996000832702e-4
6,612,0.0260984653996784,8.719781776504718e-4
6,616.9,0.02617475512446529,9.52476575224497e-4
6,621.9,0.02653034944576339,8.744447596952582e-4
6,626.5,0.027429768875347,7.35206112679267e-4
6,631.2,0.02902737957996973,7.909446090743084e-4
6,635.8,0.0314003487536662,7.599682266005877e-4
6,640.8,0.03407739180365767,8.703569461600493e-4
6,645.3,0.03615896704175266,7.942404979518844e-4
6,650.2,0.037244638470324,8.085320289781761e-4
6,654.9,0.038680072732316,9.164304455293764e-4
6,659.3,0.04252579219308666,9.25533972682439e-4
6,660,0.04358458393820004,9.42631878120704e-4
6,663.9,0.049483566518117,0.00104494384841402
6,668.8,0.05773548654183966,0.00115323092140389
6,673.2,0.063708300375086,0.00133155078008639
6,677.6,0.06405768182738,0.00120942295468782
6,681.9,0.05763845039880867,0.00115113589359422
6,686.1,0.04606771054047966,9.114415586905948e-4
6,690,0.03330545132746703,8.108359892122786e-4
6,693.9,0.02274356447168423,5.779458684696019e-4
6,697.8,0.01556923826121783,5.769695409333495e-4
6,701.8,0.01104533054728003,6.115773413951019e-4
6,705.5,0.00838391761457296,6.012229747805492e-4
6,709.1,0.00679008243072323,5.101899804133504e-4
6,712.8,0.00597691308284,6.425356074667969e-4
6,716.6,0.00564651648161586,5.404865018443079e-4
6,719.8,0.00555348728286833,5.436341229961292e-4
6,723.2,0.00578272802481446,5.759565198121774e-4
6,726.5,0.0060439104668128,6.346046307005355e-4
6,729.4,0.00612996909182256,9.92417256195568e-4
6,732.3,0.00635141667022553,5.656405552385682e-4
6,735.3,0.00605614178531143,5.935016141968706e-4
6,738.3,0.005928594291677,0.00102310607471696
6,741.3,0.005245786385555,5.613472966311977e-4
6,744.2,0.0045792873267389,9.568748052162412e-4
6,746.7,0.003681769976104,9.062023998355784e-4
6,749.4,0.0027566416774847,6.682567439361228e-4
7,400,0.12820099765302967,0.00715697106894254
7,404.6,0.13531851979588666,0.00662758107847621
7,408.7,0.143439342696988,0.00572086091194165
7,412.5,0.151169747447903,0.00650180824826926
7,416.9,0.16023882341127368,0.00560291047790959
7,421.4,0.16837406341127367,0.00635228289408527
7,426.5,0.17640277436365467,0.00634056863202025
7,430.9,0.18433957817317867,0.00609582709177715
7,435.5,0.18951034222079768,0.00587981568893798
7,439.8,0.189458940792226,0.005327065279678
7,444.8,0.18382522483984537,0.00732121614527602
7,449.9,0.175201492696988,0.0056134755432471
7,455,0.16637596293508333,0.00452760623628343
7,459.4,0.16054520507794032,0.00511870801064514
7,463.8,0.157155305792226,0.00457611840371014
7,468.7,0.15526150412555934,0.00491692909250002
7,470,0.1548258446331964,0.00486305774084668
7,474,0.15348535388746434,0.00478557464152032
7,479.2,0.150548510792226,0.00381383567004526
7,484.1,0.14488897483984534,0.00368829426138616
7,489.2,0.135155187696988,0.00393795342376823
7,493.9,0.122297466744607,0.00351447432757332
7,498.9,0.108510003649369,0.00273144021672896
7,503.8,0.09632412103032134,0.00269976546785498
7,508.7,0.08618452860541033,0.00220994537271768
7,514,0.076987715272077,0.00171560704400735
7,519.7,0.068636235272077,0.00153002801677789
7,524.8,0.061140090033982,0.00135485860710215
7,529.9,0.05446950603032133,0.00100805764417667
7,532,0.05198865677500213,9.934488195229318e-4
7,534.6,0.04891712912555934,9.800426326198406e-4
7,539.6,0.04403673793508334,7.923366608297474e-4
7,544.4,0.039839904839845,7.561002848164244e-4
7,549.7,0.03646104960175,5.856144665898282e-4
7,554.6,0.033647826506512,5.543257851678401e-4
7,560.1,0.0315136029350833,5.336212389485906e-4
7,565.2,0.03007513864936896,5.02899508745136e-4
7,569.8,0.02945053222079756,4.8666730631749706e-4
7,574.2,0.0292803719387438,5.338481947979686e-4
7,579,0.0293714921548598,5.326237429970961e-4
7,583.4,0.02952784661273153,6.032865512209105e-4
7,587.8,0.0297561888149246,5.863919066771581e-4
7,592.7,0.02973897108451806,5.983887203601348e-4
7,597.4,0.02949945488597743,6.648055263159306e-4
7,602.1,0.02912700749549803,8.095795220116631e-4
7,607,0.02870830535264086,7.397580687210114e-4
7,612,0.0284543653965994,8.446913545013547e-4
7,616.9,0.02857012983763113,8.811896956729654e-4
7,621.9,0.0289287041892832,0.00104441114892247
7,626.5,0.0298621401841601,7.998702772080323e-4
7,631.2,0.03163793968306513,9.264152764910806e-4
7,635.8,0.034313415644973,0.00103157892720818
7,640.8,0.037400380792226,0.00108940648501557
7,645.3,0.03984974960175,0.00113593335434926
7,650.2,0.041100790792226,0.00118100645112972
7,654.9,0.04260049384350567,0.00126886808740929
7,659.3,0.04658172062445633,0.00124178284309443
7,660,0.0476996642960282,0.0012534685251384
7,663.9,0.053928207609071,0.00132279413331018
7,668.8,0.06260877646255333,0.00146626075825641
7,673.2,0.06892809460174999,0.00159908821380825
7,677.6,0.06920345464570833,0.00153701846542681
7,681.9,0.06228892845523234,0.00146264600486437
7,686.1,0.04980078754827233,0.00123387519035885
7,690,0.03610107983984533,0.00113768948609615
7,693.9,0.02478515470650703,0.00117422493918863
7,697.8,0.0170874577717014,0.00111943719836817
7,701.8,0.01219893045301016,0.00107108405013811
7,705.5,0.00935089318412783,0.00111777791324409
7,709.1,0.0076549499863064,0.00112259848760137
7,712.8,0.00676889942291,0.0011409402105409
7,716.6,0.00641881293349973,0.00110893701461824
7,719.8,0.00637617839573503,0.00113182393017044
7,723.2,0.00661221755759789,0.00106244492258351
7,726.5,0.0070135241692761,0.00112150035786622
7,729.4,0.00707164289598176,0.0011494630738171
7,732.3,0.00717395833185003,9.80400710327765e-4
7,735.3,0.0069595362131459,8.373888977350372e-4
7,738.3,0.00677574981386673,0.00113629366523999
7,741.3,0.00606558209006203,9.938675955809169e-4
7,744.2,0.0053181310959366,0.00105575021965237
7,746.7,0.00439267351207193,0.00113647944305777
7,749.4,0.00341598735092833,0.00119176478708598
8,400,0.12620681131905367,0.00720950339197898
8,404.6,0.13282056548572033,0.0073002580331433
8,408.7,0.13987144202684768,0.00816074036028884
8,412.5,0.14806052143323267,0.00644452672978127
8,416.9,0.1566195370268477,0.0069096680354315
8,421.4,0.164746262860181,0.00693321848850696
8,426.5,0.17257876619351434,0.00665534861051702
8,430.9,0.180470866610181,0.00702046560340308
8,435.5,0.185560939110181,0.00658715228073781
8,439.8,0.18561642994351435,0.00611822782233871
8,444.8,0.17999485994351436,0.00744809367656344
8,449.9,0.17125437119351436,0.00604108608586049
8,455,0.162633120360181,0.00553533491050084
8,459.4,0.15704000119351433,0.0056738602223316
8,463.8,0.15381572619351433,0.00523259001025743
8,468.7,0.15182894577684766,0.00541937511682332
8,470,0.15146030369351435,0.0053351200537576
8,474,0.150326020360181,0.00509423477611463
8,479.2,0.14732130619351433,0.00503349829020767
8,484.1,0.141799706610181,0.00459284386064628
8,489.2,0.13237908869351434,0.00428126159875715
8,493.9,0.119707416610181,0.00399927115480626
8,498.9,0.10602397869351432,0.00384551300446807
8,503.8,0.09413738244351431,0.00359430644295668
8,508.7,0.08432059131905367,0.00313264108372492
8,514,0.07524000173572033,0.00298712535596206
8,519.7,0.06715676048572033,0.00263546195657902
8,524.8,0.059790754652387,0.00245842555426041
8,529.9,0.053260805360181,0.0022659359784301
8,532,0.05080248504103206,0.00221981488290849
8,534.6,0.04775885036018099,0.00216395695198383
8,539.6,0.04295194202684766,0.00196562894034893
8,544.4,0.038841939110181,0.00183204322204692
8,549.7,0.03549757994351433,0.00169714626509167
8,554.6,0.03272710536018113,0.00172177906465792
8,560.1,0.03063120119351446,0.00155600845032831
8,565.2,0.02922858494351446,0.00148088707376081
8,569.8,0.0286065645268478,0.00137987565356123
8,574.2,0.02842115048572023,0.00134370979982602
8,579,0.02848614096515646,0.00129706174416631
8,583.4,0.02865356198679843,0.00126681635676632
8,587.8,0.02886344389198936,0.00120458114905368
8,592.7,0.02885831886568773,0.00103594149889642
8,597.4,0.0286536439523713,0.00105133458453491
8,602.1,0.0282606541155721,0.00115142031611315
8,607,0.02781867869890543,0.00111981057290915
8,612,0.02763110732336633,9.515236761554568e-4
8,616.9,0.02767328805746223,0.00107899298016523
8,621.9,0.0280591524524869,0.00101139610306057
8,626.5,0.02895526448679843,9.56492819529345e-4
8,631.2,0.03071477220260253,9.003218339990901e-4
8,635.8,0.03333077412273506,8.459360294229139e-4
8,640.8,0.03636681494351433,8.765859954199793e-4
8,645.3,0.03876243452684767,9.081692148713132e-4
8,650.2,0.04000709202684766,9.024479570187582e-4
8,654.9,0.04148539131905367,8.954710969380023e-4
8,659.3,0.045353968275654,9.956574166272588e-4
8,660,0.04645036214556503,0.00100902807470457
8,663.9,0.052558842277926,0.00108413547841492
8,668.8,0.061060609652387,0.00125519700523857
8,673.2,0.06728011994351434,0.0011745185894268
8,677.6,0.06757473606797533,0.00121024641929504
8,681.9,0.06080524940130866,0.00114267922931805
8,686.1,0.04856989294925234,8.644332669539515e-4
8,690,0.03516884119351433,7.559170948225162e-4
8,693.9,0.02409337622998239,5.886906662515393e-4
8,697.8,0.01655951929610213,4.37203494993057e-4
8,701.8,0.01176272563159186,4.609522165647584e-4
8,705.5,0.00900103403547336,4.679168959702851e-4
8,709.1,0.00734520813340136,5.16293005257656e-4
8,712.8,0.0065120880120594,5.521848627115118e-4
8,716.6,0.00620515176506276,4.009135414465398e-4
8,719.8,0.00617932357282573,6.444234281477841e-4
8,723.2,0.00643673944443649,6.550217610340392e-4
8,726.5,0.00688789622470399,8.641592452254922e-4
8,729.4,0.00688517129047689,8.711807608522458e-4
8,732.3,0.00698954839056126,5.878215307402127e-4
8,735.3,0.00702631871218763,8.034396387828648e-4
8,738.3,0.0067409870168317,8.974747193450447e-4
8,741.3,0.0061438828136971,9.05207117428804e-4
8,744.2,0.00541797524195513,8.23536243636272e-4
8,746.7,0.00449124474218636,8.108244181303427e-4
8,749.4,0.00354984579848676,7.921615487948799e-4
9,400,0.12577296052177367,0.00588096359456398
9,404.6,0.13301229552177363,0.00706911073828095
9,408.7,0.14003327210338767,0.00669124388904877
9,412.5,0.14843897920798435,0.0063439312365546
9,416.9,0.15685903460338765,0.00577578743395281
9,421.4,0.16505976460338767,0.00585577526250958
9,426.5,0.173415690436721,0.00581684964907954
9,430.9,0.18107456752005432,0.00631912174737629
9,435.5,0.1863511550200543,0.00645527707250243
9,439.8,0.186519724186721,0.0059960397671769
9,444.8,0.18099691168672105,0.00675851000185599
9,449.9,0.171947580436721,0.00643581542624293
9,455,0.16315267377005435,0.00515793440338578
9,459.4,0.15766579460338767,0.00507193492871421
9,463.8,0.1540868287700543,0.00524631402653193
9,468.7,0.152249691686721,0.0050147145885856
9,470,0.15190001243357634,0.0048672334458642
9,474,0.15082407627005434,0.0044454061176485
9,479.2,0.14778089210338766,0.00468190695821584
9,484.1,0.14213958752005432,0.00424477327359628
9,489.2,0.13256844210338767,0.00441686263211486
9,493.9,0.119908179186721,0.00387182983988153
9,498.9,0.106069895436721,0.00336534271236162
9,503.8,0.09409479002005432,0.0032085410924382
9,508.7,0.08408334468844032,0.00299489406874149
9,514,0.07501073843844033,0.00272028250914373
9,519.7,0.06679993302177366,0.00244692244511298
9,524.8,0.05938758052177367,0.00222908504611558
9,529.9,0.052754350436721,0.00208337197945112
9,532,0.05029544628778482,0.00202559322325145
9,534.6,0.04725108877005433,0.00195495542971527
9,539.6,0.04237754710338767,0.00175998898089307
9,544.4,0.03821910085338766,0.00162394766458913
9,549.7,0.03483002502005433,0.00148730033690415
9,554.6,0.0320537887700543,0.00138946637073739
9,560.1,0.0299509212700543,0.0013423176005082
9,565.2,0.02852373668672099,0.0012637125869191
9,569.8,0.02789018043672099,0.00122339432019454
9,574.2,0.02770684635510713,0.00121795841195865
9,579,0.0277946038976335,0.00109636706361756
9,583.4,0.02795748527521273,0.00110049019242401
9,587.8,0.02818767802014636,0.00100299850638931
9,592.7,0.02816371297680627,9.096791986777152e-4
9,597.4,0.02797344892668033,0.00107371963528628
9,602.1,0.027583231287249,9.412403388415492e-4
9,607,0.027178817537249,9.350176447329136e-4
9,612,0.02697293120219616,8.863436066339394e-4
9,616.9,0.02704098699381683,9.242019984982762e-4
9,621.9,0.02748089269957096,7.92847698019448e-4
9,626.5,0.02840081610854606,8.246303614112688e-4
9,631.2,0.03017813022246156,8.74345987130255e-4
9,635.8,0.03284031994522626,8.505465717616478e-4
9,640.8,0.03589950502005433,9.674402991348168e-4
9,645.3,0.038359012936721,9.305879964053932e-4
9,650.2,0.03964386127005433,9.333966100340378e-4
9,654.9,0.04110892218844033,0.00102280801682018
9,659.3,0.045052452327058,0.00100640019514384
9,660,0.04615916563412432,0.00101531481241137
9,663.9,0.05232513977349334,0.00107089322735995
9,668.8,0.06095079302177367,0.00123246648450811
9,673.2,0.06725289835338767,0.00129745615958051
9,677.6,0.06760267785166833,0.00128450188449069
9,681.9,0.060807589518335,0.00124012874979358
9,686.1,0.04843264427258733,0.00105717336190633
9,690,0.03488813460338767,8.342542346123411e-4
9,693.9,0.02373133168590726,6.5418763189918e-4
9,697.8,0.01610938684497443,5.60166786563324e-4
9,701.8,0.01125293718518563,5.971674015989479e-4
9,705.5,0.0085021401308991,4.829005229881444e-4
9,709.1,0.006818076206725,4.4370281595673737e-4
9,712.8,0.0059462913625373,4.5813441220631256e-4
9,716.6,0.00572295849373953,5.449454668155457e-4
9,719.8,0.00570029105183316,5.909316145186463e-4
9,723.2,0.00584966798922549,5.665239670757534e-4
9,726.5,0.00631539947764946,5.539845194447462e-4
9,729.4,0.00656626081804476,9.907092937074032e-4
9,732.3,0.0065261389007485,5.708384695164157e-4
9,735.3,0.0065349470165676,9.355010721302688e-4
9,738.3,0.00632657825390173,9.548738383934252e-4
9,741.3,0.00574811950471543,0.00110399078521752
9,744.2,0.00507438969933906,9.932155377476426e-4
9,746.7,0.00416592057845363,9.215650999385644e-4
9,749.4,0.0032194450170131,8.881154360047866e-4
10,400,0.132332802083492,0.00693355752321241
10,404.6,0.139898539583492,0.00801215016181623
10,408.7,0.14772799023691566,0.00735988231207809
10,412.5,0.156368284656893,0.00742683583047783
10,416.9,0.16504736190358235,0.00739071236181622
10,421.4,0.173585151070249,0.00752060046258271
10,426.5,0.1820594694035823,0.00760176154415507
10,430.9,0.18999750690358233,0.00808888004804295
10,435.5,0.1957624314869157,0.00789208315760349
10,439.8,0.19551715023691563,0.0074015147419593
10,444.8,0.18978296023691563,0.00775519389757959
10,449.9,0.180599026070249,0.0072033595164273
10,455,0.17138427523691568,0.00581672073658597
10,459.4,0.16541899190358234,0.00615498517331604
10,463.8,0.161723713570249,0.00613198405860074
10,468.7,0.1597807252369157,0.00569467237830743
10,470,0.15939464158911693,0.00564645824549289
10,474,0.15820669190358233,0.00551747713190262
10,479.2,0.15513992107024902,0.0056672021101579
10,484.1,0.14923480898691568,0.00458478122686613
10,489.2,0.13919630773691566,0.00464247704005335
10,493.9,0.12581949148691565,0.00421289650077608
10,498.9,0.111528298570249,0.00343412590655013
10,503.8,0.098910607736915665,0.0032818834866508
10,508.7,0.08843734416682535,0.00285863607334142
10,514,0.07899691541682534,0.00220195500375752
10,519.7,0.07035846875015866,0.00212863343148742
10,524.8,0.06264150208349199,0.00172331086637171
10,529.9,0.05568261940358233,0.00166510423500874
10,532,0.05310499767485893,0.00154112035551975
10,534.6,0.04991365648691567,0.00139237332849499
10,539.6,0.044828377320249,0.00117521533485721
10,544.4,0.04044090273691567,0.00111778590204228
10,549.7,0.03689687273691566,9.753957898079044e-4
10,554.6,0.03396071273691566,8.94540725130471e-4
10,560.1,0.03179806857024896,7.944593439454798e-4
10,565.2,0.0302794144035823,7.584511494450901e-4
10,569.8,0.0296130544035823,7.565971667574162e-4
10,574.2,0.02942368875015883,7.351406335673796e-4
10,579,0.02949613384011373,7.793803168276165e-4
10,583.4,0.02968228744331183,7.16466246205345e-4
10,587.8,0.02990193261847386,7.706755374162448e-4
10,592.7,0.0298933021710098,7.628753246080858e-4
10,597.4,0.02971080921879793,9.303410092552962e-4
10,602.1,0.02928638286934736,9.758521461756214e-4
10,607,0.02884812453601406,9.759198183197732e-4
10,612,0.0286464956061042,0.00103296335868877
10,616.9,0.02871684420699176,0.00100926182839797
10,621.9,0.02912407852046033,8.379776539516584e-4
10,626.5,0.03008487827664516,9.929500458659114e-4
10,631.2,0.03197238198878943,0.00109528590048262
10,635.8,0.03474659750490667,0.00113361036524792
10,640.8,0.037999452320249,0.00123858651493453
10,645.3,0.04054140440358233,0.00130375662126812
10,650.2,0.04186053273691566,0.00132278092947573
10,654.9,0.04340235916682533,0.00139741837918228
10,659.3,0.04751227807543367,0.00140261362973958
10,660,0.0486705548268637,0.00140470129183559
10,663.9,0.05512381101340199,0.00141991116358853
10,668.8,0.06415919541682534,0.00154386868853254
10,673.2,0.07069169940358233,0.00159118171992469
10,677.6,0.071083395890339,0.00163817386243103
10,681.9,0.06396857547367234,0.00149318138002342
10,686.1,0.05110231619100133,0.00132601253663564
10,690,0.03691280690358233,0.00124405488263865
10,693.9,0.0252207573794065,0.00127719090807567
10,697.8,0.01729677576714953,0.00133977552038651
10,701.8,0.01223884440345556,0.00136877148570195
10,705.5,0.0092549668654731,0.00130096319711457
10,709.1,0.0074744897181077,0.00119447305939231
10,712.8,0.00661327542581413,0.0012382698372169
10,716.6,0.00621822290194836,0.00120004689937722
10,719.8,0.0061598486593167,9.680813024354744e-4
10,723.2,0.00640470611645966,0.00105660952145205
10,726.5,0.00673551718154853,6.934688465062395e-4
10,729.4,0.00699243933097096,7.958082410749442e-4
10,732.3,0.00694378290324493,7.658813944660007e-4
10,735.3,0.00692954905841546,7.991485993035714e-4
10,738.3,0.00670596387132053,5.92636937974377e-4
10,741.3,0.00611913339549636,8.647785281728576e-4
10,744.2,0.00539085210533006,8.40109216967815e-4
10,746.7,0.00449762487532156,8.998370062757535e-4
10,749.4,0.00354474238969176,0.0010871101517277
11,400,0.12462311645517,0.00508442140296408
11,404.6,0.131332364788503,0.00607929926210247
11,408.7,0.13960257866995632,0.00706348443253494
11,412.5,0.14782178384542632,0.00506426164108051
11,416.9,0.15623780575328966,0.0056793046524441
11,421.4,0.164481464086623,0.00621888175451826
11,426.5,0.17272060075328963,0.00572048169756727
11,430.9,0.18031074450328963,0.00563957153027838
11,435.5,0.18584044616995632,0.00604182676676547
11,439.8,0.18554535575328968,0.00512867373013092
11,444.8,0.180238152836623,0.00600435062669363
11,449.9,0.17146171075328967,0.00515038814051866
11,455,0.162533209086623,0.00472379644954338
11,459.4,0.15685146366995634,0.00503246663782214
11,463.8,0.15345452241995633,0.00462599414651225
11,468.7,0.15174945575328966,0.00430485276748827
11,470,0.15139208084762928,0.00422438688852905
11,474,0.15029246575328967,0.00399190928873686
11,479.2,0.147250759086623,0.00453059574685127
11,484.1,0.14177430075328967,0.00356577045774392
11,489.2,0.13227476200328966,0.00379984193144716
11,493.9,0.11951588366995634,0.00350330547634364
11,498.9,0.10582112075328966,0.00326833648379806
11,503.8,0.093791056586623,0.00331392205552239
11,508.7,0.08391979353850333,0.0028263600289559
11,514,0.07488138353850333,0.00253815629246226
11,519.7,0.06666731312183667,0.00259228826278946
11,524.8,0.05930449645517,0.00231260590501368
11,529.9,0.05269073075328966,0.00236391296086317
11,532,0.05022532367882158,0.00227874233512419
11,534.6,0.04717291491995634,0.00217333917414655
11,539.6,0.04232557908662299,0.00210748135560251
11,544.4,0.03815274075328966,0.00205208791601698
11,549.7,0.034770145336623,0.00192743027045275
11,554.6,0.0319712545032896,0.00183224530263335
11,560.1,0.02988526408662293,0.00181843507250106
11,565.2,0.02846774283662293,0.00173542525340583
11,569.8,0.02784557575328959,0.00160454622374336
11,574.2,0.02770371812183653,0.0016071859894001
11,579,0.02776859805611,0.0015033189788111
11,583.4,0.0279371461922637,0.00149566001927776
11,587.8,0.02818185877583616,0.00138094020786989
11,592.7,0.0281706514602292,0.00136488486567416
11,597.4,0.02801201852631443,0.00134240300049756
11,602.1,0.0275995119387588,0.00141758533685243
11,607,0.02718356152209213,0.00130150093219919
11,612,0.02699367957021186,0.001306536856481
11,616.9,0.02705634285060523,0.00137958404826092
11,621.9,0.02745439263111819,0.00120551249545616
11,626.5,0.02842718202559703,0.00105449976420097
11,631.2,0.03015088881925529,0.00116112116066358
11,635.8,0.03282127290681094,0.0011984513344058
11,640.8,0.035929441586623,0.00118549982935231
11,645.3,0.038371759086623,0.00111735040851746
11,650.2,0.039623754086623,0.00114146369997829
11,654.9,0.04112120353850333,0.00125507563379559
11,659.3,0.045046488161392,0.00123851807184201
11,660,0.04614635749225306,0.00124653683256012
11,663.9,0.05227420090705,0.00129133028144181
11,668.8,0.06094938187183666,0.00138809135622958
11,673.2,0.06721176741995634,0.00156065804261922
11,677.6,0.06759205213474266,0.00143991262123618
11,681.9,0.060809629218076,0.00141261269313643
11,686.1,0.04856138008650333,0.00126403899490841
11,690,0.03498105491995634,0.00111556137084202
11,693.9,0.02382646712195606,0.00101761158036873
11,697.8,0.01628632120564813,9.242424690276772e-4
11,701.8,0.01147297401316913,8.186109833507793e-4
11,705.5,0.00868168615004029,7.79111832486139e-4
11,709.1,0.00699711992294556,8.179955133861375e-4
11,712.8,0.0062187578146369,8.892834362074166e-4
11,716.6,0.00588967756631093,7.887568433384969e-4
11,719.8,0.0059266018400532,8.45844975539126e-4
11,723.2,0.00626212411849613,7.317946779721243e-4
11,726.5,0.00652341348473383,9.173734964991306e-4
11,729.4,0.0068374619206813,8.709002377379501e-4
11,732.3,0.00680165266777426,7.398127920452564e-4
11,735.3,0.00670035287507256,0.00125648752157803
11,738.3,0.0065976982923371,0.00100113824797749
11,741.3,0.00598914525700393,9.853699498898968e-4
11,744.2,0.00528681761156853,0.00136655290444104
11,746.7,0.00437304082117603,0.00101565316456813
11,749.4,0.0034085623328865,8.712846916173742e-4
12,400,0.12634172002192298,0.0049894764014703
12,404.6,0.13357250418858965,0.00434143774557989
12,408.7,0.14151122482010767,0.00465547058316363
12,412.5,0.15007160684972834,0.00394111550026682
12,416.9,0.15853723273677434,0.00471936318099352
12,421.4,0.16731375940344098,0.00439000322857283
12,426.5,0.1755753102367743,0.00415230215552311
12,430.9,0.18329943940344096,0.00472177404387478
12,435.5,0.18892582940344105,0.0044665927044224
12,439.8,0.18904502607010767,0.00352886395370323
12,444.8,0.18360412148677432,0.00419829078593651
12,449.9,0.174719524403441,0.00426074737730731
12,455,0.16535969690344102,0.00341556053570119
12,459.4,0.15964397898677432,0.00336956027398699
12,463.8,0.15617558357010766,0.00272556792759448
12,468.7,0.15425995107010768,0.00341313970773861
12,470,0.1539208910386611,0.00328466738518163
12,474,0.152877629403441,0.00292378574373566
12,479.2,0.149884006903441,0.00306633112874133
12,484.1,0.144121981903441,0.00285346741484565
12,489.2,0.1345603873201077,0.00257465591973905
12,493.9,0.12146389898677432,0.00244910913737554
12,498.9,0.10747392857010768,0.0021205101612972
12,503.8,0.09528280732010767,0.00203940885415029
12,508.7,0.08510321168858966,0.00176582868096387
12,514,0.07584727168858967,0.00158978189464046
12,519.7,0.06753425210525633,0.00140035481967584
12,524.8,0.06000886210525633,0.00127744761500769
12,529.9,0.053263026903441,0.00111895906166315
12,532,0.05073547900450483,0.00108800303361272
12,534.6,0.04760613398677433,0.00105042000371013
12,539.6,0.04263689773677433,9.966849673813602e-4
12,544.4,0.038387558153441,9.305647705137242e-4
12,549.7,0.03493413232010766,7.952494970941683e-4
12,554.6,0.03208007982010773,6.987592444148485e-4
12,560.1,0.02994189940344106,6.182181622813239e-4
12,565.2,0.02850272065344106,5.30483312807528e-4
12,569.8,0.02786104357010773,4.911097799743577e-4
12,574.2,0.02768611918858956,4.920988706716091e-4
12,579,0.02774918658116383,3.914581470121622e-4
12,583.4,0.0279534758422199,2.9965073499036804e-4
12,587.8,0.02817075410066873,2.246018144403245e-4
12,592.7,0.02817547770580073,1.6161061411652973e-4
12,597.4,0.02797613686756636,1.6680332567649205e-4
12,602.1,0.02758868642159276,5.3512471591541776e-5
12,607,0.0271578047549261,9.219593384438354e-5
12,612,0.02697035288644423,7.328321894884854e-5
12,616.9,0.02710916407949709,1.540906832841582e-4
12,621.9,0.02752458023510766,1.3709148535210371e-4
12,626.5,0.02847795542555323,1.9080229480414172e-4
12,631.2,0.03028550360264896,2.5288472782188895e-4
12,635.8,0.0330126936319559,3.2553538152439905e-4
12,640.8,0.03620169148677433,3.3749011453737505e-4
12,645.3,0.038696766903441,4.4276972784719086e-4
12,650.2,0.039993851903441,5.138811653465017e-4
12,654.9,0.04152820460525634,5.53721842677312e-4
12,659.3,0.045515081048936,4.7904327396928217e-4
12,660,0.04664127218242043,4.9589281826682e-4
12,663.9,0.05291576564040467,6.028501151934989e-4
12,668.8,0.06176357210525633,6.953347859114408e-4
12,673.2,0.06821278773677433,6.615688773306927e-4
12,677.6,0.06862865503495934,7.027796988203838e-4
12,681.9,0.06168464628495934,6.183216219715943e-4
12,686.1,0.04916305985755,4.3970160870216715e-4
12,690,0.03535560857010766,4.893235909911969e-4
12,693.9,0.0239259816511473,4.700408340915637e-4
12,697.8,0.01620372612215387,6.06180647327429e-4
12,701.8,0.01126742067941456,5.64115963642903e-4
12,705.5,0.00847056638248376,6.400885025848839e-4
12,709.1,0.00671230805071803,7.366081172762611e-4
12,712.8,0.00589441651254956,6.460570777321131e-4
12,716.6,0.00554368932169136,7.019162623264528e-4
12,719.8,0.00543316239449646,6.09250647903958e-4
12,723.2,0.00580549743017286,5.689139687135418e-4
12,726.5,0.00605996575360499,7.135448096415135e-4
12,729.4,0.006225658455321,3.3821664230036775e-4
12,732.3,0.00634701301414926,5.735863656074052e-4
12,735.3,0.00627630662084883,8.523691786055262e-4
12,738.3,0.00610966143363756,5.402725142044576e-4
12,741.3,0.00550369876926466,7.403638586938042e-4
12,744.2,0.0047553301283571,8.328819765274959e-4
12,746.7,0.00392555853010636,7.402243522738941e-4
12,749.4,0.00295709100089858,7.089639378650946e-4
13,400,0.13177078737124567,0.00120610838876333
13,404.6,0.13794588903791233,0.00248446222787163
13,408.7,0.14589492130692533,0.00212922575300961
13,412.5,0.15522284678133866,0.00372923207367394
13,416.9,0.16343362714025866,0.00317864539758569
13,421.4,0.172338982973592,0.00335537852512345
13,426.5,0.18055847464025865,0.00356468420228766
13,430.9,0.188624601723592,0.0037441684237028
13,435.5,0.194119337973592,0.00346668761479569
13,439.8,0.19421444964025864,0.00341888058952396
13,444.8,0.18859048964025868,0.0039199361854643
13,449.9,0.179466835473592,0.00408954695436776
13,455,0.17004453130692532,0.00261564756186992
13,459.4,0.16423327547359198,0.00320191358285386
13,463.8,0.16062689630692534,0.00285344006056859
13,468.7,0.15861805630692533,0.00246261355557752
13,470,0.1582571002691895,0.00244029231851494
13,474,0.15714646630692533,0.00240486539145538
13,479.2,0.154124747973592,0.00258548735125206
13,484.1,0.1481119975569253,0.00253356694338713
13,489.2,0.13832872630692533,0.00222122237620834
13,493.9,0.124933761723592,0.00191489780168865
13,498.9,0.11060253880692532,0.00148453482786085
13,503.8,0.09788703839025864,0.00165008030100588
13,508.7,0.08746193237124567,0.00122721914391976
13,514,0.07798895612124566,0.00102829689295053
13,519.7,0.06945771778791233,9.048369403048124e-4
13,524.8,0.06167898778791234,8.403761328017617e-4
13,529.9,0.05470703464025867,7.692776793161291e-4
13,532,0.05211133187430122,6.908257306206926e-4
13,534.6,0.04889760464025866,5.958005411265904e-4
13,539.6,0.043844314223592,4.8073802563386534e-4
13,544.4,0.039431514223592,4.430909449909021e-4
13,549.7,0.035864860473592,3.883803490122218e-4
13,554.6,0.03295074297359197,2.324600965163848e-4
13,560.1,0.0307413396402586,9.2707096506822e-5
13,565.2,0.02925464047359196,1.1347764594429551e-4
13,569.8,0.02859147964025863,1.5839259972173368e-4
13,574.2,0.02842261987124553,1.4860291308862734e-4
13,579,0.028487532486739,1.9756307779161808e-4
13,583.4,0.02866896991655273,1.9507553781454196e-4
13,587.8,0.02891315402209453,2.838014243275126e-4
13,592.7,0.02892294619035893,3.904975938046368e-4
13,597.4,0.02868929014984486,4.7438802699176447e-4
13,602.1,0.02828672028346117,5.47381899857849e-4
13,607,0.02785091070012783,5.910704962065434e-4
13,612,0.0276256408858076,5.5077432859821e-4
13,616.9,0.0277596372365563,6.210213676847859e-4
13,621.9,0.02824766022340926,5.134982893904622e-4
13,626.5,0.02919013116655273,6.216991356029658e-4
13,631.2,0.03108084988030696,7.38464095330198e-4
13,635.8,0.03390578516335733,8.070625953623679e-4
13,640.8,0.03717668714025866,8.444415679272866e-4
13,645.3,0.03976042714025867,9.042478982256324e-4
13,650.2,0.041092617973592,9.92421041052487e-4
13,654.9,0.04261200028791234,0.00102368074852335
13,659.3,0.04672487993805366,0.0010318218889896
13,660,0.04787552525289252,0.0010442992361520101
13,663.9,0.05428626343556567,0.00111717221698974
13,668.8,0.06338869737124567,0.00129994241301498
13,673.2,0.069979257973592,0.00132603039798581
13,677.6,0.07043774190927167,0.00137119269931609
13,681.9,0.06334165815927167,0.00128491438202516
13,686.1,0.050485915920821,0.00103038287755346
13,690,0.03631923797359199,9.274151038962116e-4
13,693.9,0.02462007192401646,8.896965010479092e-4
13,697.8,0.01669175224899583,9.524756052120264e-4
13,701.8,0.01161701233961019,9.07609433900156e-4
13,705.5,0.0087032783360494,9.332132357200568e-4
13,709.1,0.00689155595953136,8.131331119826984e-4
13,712.8,0.0059988666695421,8.520628963656423e-4
13,716.6,0.00568452082500153,8.950959119683188e-4
13,719.8,0.00563392531787986,6.478437370539406e-4
13,723.2,0.00583684413822553,8.613080238965788e-4
13,726.5,0.00618863318049666,8.46837142319148e-4
13,729.4,0.00621949995144953,5.605601893042418e-4
13,732.3,0.00641585558221253,6.609735363620304e-4
13,735.3,0.00623036954062556,6.416277839569371e-4
13,738.3,0.00594366772114676,7.303728596793444e-4
13,741.3,0.0054435333540556,8.844617601073287e-4
13,744.2,0.00472252598874486,7.702813041086785e-4
13,746.7,0.00387690280254033,9.714530816154602e-4
13,749.4,0.00310789806285739,0.0010692189368261
14,400,0.13313307915193098,0.00800454039548245
14,404.6,0.14082113581859768,0.00732092071993838
14,408.7,0.14872997532315932,0.0075544582519777
14,412.5,0.158081385134519,0.00761232081235707
14,416.9,0.166734475739826,0.00770770037844573
14,421.4,0.17619817490649267,0.00708481879099086
14,426.5,0.18486643490649268,0.00653850265570785
14,430.9,0.193199810739826,0.00661699178094418
14,435.5,0.1990744474064927,0.00596609522426295
14,439.8,0.199221986989826,0.00605665855908019
14,444.8,0.193118143239826,0.00590652633471134
14,449.9,0.184025338239826,0.00618007748126337
14,455,0.17481263907315933,0.00464988357186461
14,459.4,0.16872889657315934,0.00558070955917774
14,463.8,0.165232945739826,0.00527804618305211
14,468.7,0.16300316907315934,0.00513881182357114
14,470,0.1626375743247317,0.00503128491536743
14,474,0.16151266740649267,0.00470151147352224
14,479.2,0.15810813365649265,0.00460926672343567
14,484.1,0.15208282157315933,0.0040555292207719
14,489.2,0.14205886907315932,0.00408244053234457
14,493.9,0.12837317282315933,0.00394839948678188
14,498.9,0.11351765115649266,0.00360445830514642
14,503.8,0.10044574365649268,0.00340590628078529
14,508.7,0.08965615581859766,0.00294764852790796
14,514,0.07994505456859767,0.00255209348448788
14,519.7,0.070986622901931,0.00257069296641011
14,524.8,0.06303569373526434,0.00223240104235111
14,529.9,0.055927063239826,0.00201545034635896
14,532,0.05324104781429408,0.00196141979241801
14,534.6,0.04991550490649266,0.00189452629207208
14,539.6,0.044687168239826,0.00175782104532209
14,544.4,0.04020716907315933,0.00167190532497321
14,549.7,0.03656970740649266,0.0015703602083261
14,554.6,0.03355235157315933,0.00154121053479297
14,560.1,0.03132228740649263,0.00137577741356063
14,565.2,0.02979414990649263,0.00133532828153234
14,569.8,0.02911875240649263,0.00135594262767623
14,574.2,0.028958077901931,0.00131470095343593
14,579,0.02905054169131686,0.00122541882713692
14,583.4,0.02925523139280776,0.00119750526619249
14,587.8,0.0294843717091407,0.00119783641648933
14,592.7,0.02952066086502636,0.0010076366574084
14,597.4,0.02930559067513986,0.00114991544021571
14,602.1,0.02886944111087643,0.001126860878668
14,607,0.02844193111087643,0.00110551149663187
14,612,0.0282593689487714,0.00107426111901133
14,616.9,0.02834485221411403,0.00105045007907841
14,621.9,0.02889374584595646,7.734091174804458e-4
14,626.5,0.0298715734761411,9.972729685854551e-4
14,631.2,0.03183734435010633,0.00103592307344698
14,635.8,0.034753598497703,0.00103886012933122
14,640.8,0.03816565157315933,0.00114000735480939
14,645.3,0.04076651490649267,0.00112948135000709
14,650.2,0.042096480739826,0.00115618673828902
14,654.9,0.04360764540193099,0.00126364500557513
14,659.3,0.04776264624479933,0.00128117618489587
14,660,0.04894238573903107,0.00129936637964075
14,663.9,0.055515220064036,0.00140100898266915
14,668.8,0.06483219831859767,0.00161974716153655
14,673.2,0.07160812657315933,0.0017884036454072
14,677.6,0.07200695149438767,0.00174399258594443
14,681.9,0.064699224827721,0.001656918181274
14,686.1,0.051463687873326,0.00134281003977942
14,690,0.03696014782315933,0.00110926799895649
14,693.9,0.02498319118509746,8.840609523655753e-4
14,697.8,0.01690813145126353,7.942544468575893e-4
14,701.8,0.01174502093301706,7.519016099809536e-4
14,705.5,0.0087732057501734,6.531987161614261e-4
14,709.1,0.00697172240232083,7.872702095735106e-4
14,712.8,0.00609586486623955,7.711799556340314e-4
14,716.6,0.00569340791390343,6.929062332965757e-4
14,719.8,0.0057403421315494,5.991963402019995e-4
14,723.2,0.0059574194627914,7.522693792083552e-4
14,726.5,0.0063233620912964,8.859027769564883e-4
14,729.4,0.00656443851167936,7.455294861279728e-4
14,732.3,0.00652195589558036,6.255839041123924e-4
14,735.3,0.0064386637869468,9.704297479197764e-4
14,738.3,0.00628751270277913,0.00106848238078853
14,741.3,0.00566686434084096,0.00112603740584104
14,744.2,0.00490681211199126,8.730943162212175e-4
14,746.7,0.00409330828695773,9.35458891518181e-4
14,749.4,0.0031059377977497,9.345350572364826e-4
15,400,0.14268019320625033,0.01024043389029119
15,404.6,0.15213866070625034,0.00844558140740539
15,408.7,0.16057126457575802,0.00877652855850067
15,412.5,0.17113779079588098,0.00779979359425286
15,416.9,0.18128582499242463,0.00701751930070757
15,421.4,0.19067290665909137,0.00744284589413124
15,426.5,0.20013352999242465,0.00696363945219442
15,430.9,0.20932278999242468,0.0079239599473553
15,435.5,0.2151666724924247,0.00710786863520189
15,439.8,0.2150999129090913,0.00660621879094786
15,444.8,0.208647173325758,0.00717800560044864
15,449.9,0.198734108325758,0.00675438448345855
15,455,0.18889147165909137,0.00602436359828489
15,459.4,0.182500215825758,0.00640512739044583
15,463.8,0.178465843325758,0.00622012039949102
15,468.7,0.175653965825758,0.00650959595638789
15,470,0.17500242953644982,0.00627137903272561
15,474,0.17299770249242466,0.00554640881395271
15,479.2,0.16917837124242466,0.00539649970628094
15,484.1,0.162733343325758,0.00492500395930452
15,489.2,0.15252949999242468,0.0054809487980479
15,493.9,0.138624752075758,0.00525526998282341
15,498.9,0.123016354575758,0.0049723536431423
15,503.8,0.10897702874242468,0.00452141373018094
15,508.7,0.09695019070625031,0.00408772800580573
15,514,0.08599111195625032,0.00317751780576207
15,519.7,0.07609463028958367,0.00257075486351939
15,524.8,0.06730234445625033,0.0021308373527113
15,529.9,0.05954528082575799,0.00173724516927821
15,532,0.05668667593214097,0.00165328795823943
15,534.6,0.053147450825758,0.00154947691716707
15,539.6,0.047616518325758,0.00136218863902901
15,544.4,0.042848678325758,0.00131417430214709
15,549.7,0.039030000825758,0.00112050494143106
15,554.6,0.03585615832575799,0.0010837537488435
15,560.1,0.033499218325758,9.627612289326524e-4
15,565.2,0.03190511165909136,8.695649888409135e-4
15,569.8,0.03117399499242469,8.006086667300177e-4
15,574.2,0.03097455445625016,8.173189975715344e-4
15,579,0.03106889189649623,6.645615265035413e-4
15,583.4,0.0312743600505678,6.524849444219551e-4
15,587.8,0.0314932224068362,7.272482445923858e-4
15,592.7,0.03145854706688316,5.160198974694663e-4
15,597.4,0.03121094045270633,6.312548386260755e-4
15,602.1,0.03076788254734613,6.54728812167586e-4
15,607,0.03033797921401279,5.928856988262934e-4
15,612,0.030184063916854,5.2263109713327e-4
15,616.9,0.03026969604298156,5.841187204347724e-4
15,621.9,0.03081885288891003,6.699286160488551e-4
15,626.5,0.03181597796723447,7.960637254048462e-4
15,631.2,0.03381914449178033,6.749732407071453e-4
15,635.8,0.03674454114714066,7.918534664243186e-4
15,640.8,0.04012517499242466,7.3364432647238e-4
15,645.3,0.04269333749242466,7.470422782975099e-4
15,650.2,0.044049163325758,8.278610694610758e-4
15,654.9,0.04573170778958366,8.334270652008084e-4
15,659.3,0.05024582529523666,9.64228773157728e-4
15,660,0.05151653698814702,9.88555345106926e-4
15,663.9,0.05859621642007567,0.00112413233264645
15,668.8,0.068526282372917,0.00136906398232584
15,673.2,0.07579577499242467,0.00146811641194641
15,677.6,0.076285078445266,0.00143876112446196
15,681.9,0.06859271427859934,0.00141326146995901
15,686.1,0.05460525110595699,9.931781557348347e-4
15,690,0.03930769374242467,7.866106575882811e-4
15,693.9,0.02661743625938436,6.826334289955067e-4
15,697.8,0.01808904958545366,6.117512697601517e-4
15,701.8,0.01258500994075556,5.598080676847876e-4
15,705.5,0.009468114330299,6.138847229086976e-4
15,709.1,0.00754408715411309,6.259631337877688e-4
15,712.8,0.00658080596468773,6.124769608719524e-4
15,716.6,0.00620558662523323,5.890947265666951e-4
15,719.8,0.00615425332098673,5.55034825649522e-4
15,723.2,0.0064347763846373,6.34540101917337e-4
15,726.5,0.0068873776265831,3.265756907871509e-4
15,729.4,0.00694605697737466,3.861852589294868e-4
15,732.3,0.00706554140649066,5.596879103854943e-4
15,735.3,0.00707373597368503,6.07222849562133e-4
15,738.3,0.00679018915602273,6.106689173544673e-4
15,741.3,0.0061271374723964,7.035473049569602e-4
15,744.2,0.00526328880233166,6.588860082258132e-4
15,746.7,0.0043654903414057,7.839709863811229e-4
15,749.4,0.00335367671574606,8.408807133739565e-4
