exp,exp_no,phyto,source,tp,datetime,date,time,plot_date,plot_datetime,mean_cells,sd_cells,mean_grn,sd_grn,mean_yel,sd_yel,mean_red,sd_red,mean_fsc,sd_fsc,mean_ssc,sd_ssc
TP22-13,1,italic('T. Pseudonana'),Culture,1,2022-05-09T08:00:00Z,2022-05-09,08:00:00,2022-11-27,2022-11-27T08:00:00Z,457740,NA,0.7385583964144662,NA,1.503551849539477,NA,1.4844487184637158,NA,1.8526094081360136,NA,1.2484444620072657,NA
TP22-13,1,italic('T. Pseudonana'),Culture,2,2022-05-09T09:00:00Z,2022-05-09,09:00:00,2022-11-27,2022-11-27T09:00:00Z,465066,NA,0.7284396200212916,NA,1.489638066157425,NA,1.4769946376310747,NA,1.8384002831124238,NA,1.2453515426248523,NA
TP22-13,1,italic('T. Pseudonana'),Culture,3,2022-05-09T11:00:00Z,2022-05-09,11:00:00,2022-11-27,2022-11-27T11:00:00Z,441130,NA,0.8283539787817333,NA,1.5235883899211629,NA,1.5417091653067212,NA,1.91843740503448,NA,1.288115908583614,NA
TP22-13,1,italic('T. Pseudonana'),Culture,4,2022-05-09T13:00:00Z,2022-05-09,13:00:00,2022-11-27,2022-11-27T13:00:00Z,409849,NA,1.2412024672667774,NA,1.7540043654168396,NA,1.619181792458606,NA,2.104102694558047,NA,1.3444274283274207,NA
TP22-13,1,italic('T. Pseudonana'),Culture,5,2022-05-09T15:00:00Z,2022-05-09,15:00:00,2022-11-27,2022-11-27T15:00:00Z,437665,NA,1.1733618245982163,NA,1.7038684441928669,NA,1.6387451335554104,NA,2.1318624266572996,NA,1.419305607587946,NA
TP22-13,1,italic('T. Pseudonana'),Culture,6,2022-05-09T17:00:00Z,2022-05-09,17:00:00,2022-11-27,2022-11-27T17:00:00Z,542243,NA,1.1222865148671028,NA,1.6726935416821531,NA,1.6283495760324176,NA,2.087371555803499,NA,1.4560044068792894,NA
TP22-13,1,italic('T. Pseudonana'),Culture,7,2022-05-09T19:00:00Z,2022-05-09,19:00:00,2022-11-27,2022-11-27T19:00:00Z,544330,NA,1.0675899488143874,NA,1.6409484733176622,NA,1.6832408954031797,NA,2.0610679502371982,NA,1.4732402705748862,NA
TP22-13,1,italic('T. Pseudonana'),Culture,8,2022-05-09T21:00:00Z,2022-05-09,21:00:00,2022-11-27,2022-11-27T21:00:00Z,549538,NA,0.9553451539518473,NA,1.5866810289717448,NA,1.6866947831838126,NA,2.0955044311039233,NA,1.4214073851735023,NA
TP22-13,1,italic('T. Pseudonana'),Culture,9,2022-05-09T23:00:00Z,2022-05-09,23:00:00,2022-11-27,2022-11-27T23:00:00Z,525232,NA,0.8950146110899169,NA,1.552518815923262,NA,1.6415348493664477,NA,2.14281788551969,NA,1.374650493271224,NA
TP22-13,1,italic('T. Pseudonana'),Culture,10,2022-05-10T01:00:00Z,2022-05-10,01:00:00,2022-11-28,2022-11-28T01:00:00Z,507732,NA,0.8868379915021479,NA,1.5399635592572534,NA,1.6111090370867291,NA,2.130422758102439,NA,1.3341038134982623,NA
TP22-13,1,italic('T. Pseudonana'),Culture,11,2022-05-10T03:00:00Z,2022-05-10,03:00:00,2022-11-28,2022-11-28T03:00:00Z,501092,NA,0.8670490324873379,NA,1.5392990450885844,NA,1.5854294940991256,NA,2.0685088281275266,NA,1.3212958994282247,NA
TP22-13,1,italic('T. Pseudonana'),Culture,12,2022-05-10T05:00:00Z,2022-05-10,05:00:00,2022-11-28,2022-11-28T05:00:00Z,507118,NA,0.83635441717887,NA,1.5304237676910146,NA,1.5558635360732158,NA,1.9801756379202986,NA,1.3055676661290139,NA
TP22-13,1,italic('T. Pseudonana'),Culture,13,2022-05-10T08:00:00Z,2022-05-10,08:00:00,2022-11-28,2022-11-28T08:00:00Z,477156,NA,0.8050406456153621,NA,1.5243539634684022,NA,1.5435859800124259,NA,1.9020834982067754,NA,1.2977652661515915,NA
TP22-14,2,italic('T. Pseudonana'),Culture,1,2022-05-18T09:00:00Z,2022-05-18,09:00:00,2022-11-27,2022-11-27T09:00:00Z,507401.3333333333,6145.895974822006,0.7153168390323366,0.015581994876076262,1.4769057226946674,0.005101019789760822,1.4702913815342564,0.007844982314711329,1.8302572396086296,0.008075402672209004,1.2567401624967722,0.01269525914816282
TP22-14,2,italic('T. Pseudonana'),Culture,2,2022-05-18T11:00:00Z,2022-05-18,11:00:00,2022-11-27,2022-11-27T11:00:00Z,511744,11975.36926361772,0.8024753456545332,0.0060938902391442385,1.506184711362581,0.0015521837139739415,1.5412705330520837,0.01196630306500572,1.8985745494660147,0.004794717799871087,1.275092728482819,0.0067217376753047845
TP22-14,2,italic('T. Pseudonana'),Culture,3,2022-05-18T13:00:00Z,2022-05-18,13:00:00,2022-11-27,2022-11-27T13:00:00Z,501421.3333333333,1190.825483995591,0.9884318515192284,0.006359804173976797,1.5917681016594423,0.0035775964506574703,1.6193444748961623,0.017702308972356355,2.0825226537643338,0.004725542478283167,1.3378549123628307,0.004823425765022734
TP22-14,2,italic('T. Pseudonana'),Culture,4,2022-05-18T15:00:00Z,2022-05-18,15:00:00,2022-11-27,2022-11-27T15:00:00Z,491431.3333333333,11894.202677495174,1.0446463555076548,0.006403152318585339,1.6201249048220132,0.00617708799444262,1.6164515713118928,0.014382759216205498,2.105051794462838,0.007064693846268351,1.4130547164120433,0.009325728279567114
TP22-14,2,italic('T. Pseudonana'),Culture,5,2022-05-18T17:00:00Z,2022-05-18,17:00:00,2022-11-27,2022-11-27T17:00:00Z,712893.3333333334,13498.816886428727,0.9979543399130975,0.0055107030962207775,1.5964703457782545,0.003221632254571916,1.6109983989436043,0.011460341520430885,2.0754270718306187,0.002222567957487986,1.4381584904135354,0.007605405545764379
TP22-14,2,italic('T. Pseudonana'),Culture,6,2022-05-18T19:00:00Z,2022-05-18,19:00:00,2022-11-27,2022-11-27T19:00:00Z,590647.3333333334,60110.95055256849,0.937296864658932,0.021168265375809386,1.5713440253863098,0.010657832983867022,1.6338906481998647,0.003321890263987143,2.068768158726146,0.003985882711503704,1.4588049975883535,0.018813835243343183
TP22-14,2,italic('T. Pseudonana'),Culture,7,2022-05-18T21:00:00Z,2022-05-18,21:00:00,2022-11-27,2022-11-27T21:00:00Z,602166.3333333334,38548.91791390951,0.8511956679373109,0.03002493719127243,1.540825356905457,0.01690432690471494,1.6516865725786447,0.02161181696207347,2.102446560764887,0.010037629780154404,1.44210554665027,0.029493783346835337
TP22-14,2,italic('T. Pseudonana'),Culture,8,2022-05-18T23:00:00Z,2022-05-18,23:00:00,2022-11-27,2022-11-27T23:00:00Z,548449.3333333334,73565.21018343748,0.7887609032066845,0.014425059506402356,1.5013905987087626,0.010872483649612203,1.5776819838472749,0.011933076466482053,2.1142307570700805,0.006873693022390716,1.3499552319013752,0.02048501923333963
TP22-14,2,italic('T. Pseudonana'),Culture,9,2022-05-19T01:00:00Z,2022-05-19,01:00:00,2022-11-28,2022-11-28T01:00:00Z,576752,46626.65452292283,0.7715525116693503,0.015885100397858582,1.4812879473002754,0.018175538831707465,1.5528144457038875,0.011996579799535965,2.094896318747985,0.016311600833464675,1.3223604563061102,0.019631595192873403
TP22-14,2,italic('T. Pseudonana'),Culture,10,2022-05-19T03:00:00Z,2022-05-19,03:00:00,2022-11-28,2022-11-28T03:00:00Z,581120,76460.67195624165,0.7401845386054421,0.018329039086985025,1.4771885199900563,0.012481962079744658,1.5312077651198461,0.009574884456513772,2.0204893645617292,0.017478535317579157,1.295555191029983,0.017305474504827535
TP22-14,2,italic('T. Pseudonana'),Culture,11,2022-05-19T05:00:00Z,2022-05-19,05:00:00,2022-11-28,2022-11-28T05:00:00Z,610942,138698.41513514132,0.708366224696166,0.00784231880141172,1.4691841394362768,0.005244987847529394,1.517966998171125,0.004111177411812493,1.9408044413280021,0.006772195317260063,1.283567118036211,0.005607292965252205
TP22-14,2,italic('T. Pseudonana'),Culture,12,2022-05-19T07:00:00Z,2022-05-19,07:00:00,2022-11-28,2022-11-28T07:00:00Z,649718.3333333334,50831.99860652081,0.6919896506536622,0.012046729539565105,1.46023961110357,0.011449745422828788,1.5192914710735492,0.005446480695387141,1.8836958048789358,0.009002437315460307,1.2713809281839423,0.01243899588737111
TP22-14,2,italic('T. Pseudonana'),Culture,13,2022-05-19T09:00:00Z,2022-05-19,09:00:00,2022-11-28,2022-11-28T09:00:00Z,481365.3333333333,32605.88783231233,0.6764388862087921,0.009108865504657466,1.4594491103652822,3.506183369776594e-4,1.4924594154239677,0.006541406740304783,1.8455000663265946,0.008457786525985351,1.262971193717682,0.007840501867801884
SYN22-4,1,italic('Synechococcus ') (WH8102),Culture,1,2022-08-16T09:00:00Z,2022-08-16,09:00:00,2022-11-27,2022-11-27T09:00:00Z,7460907.5,388728.4174233986,1.477723856127181,0.005531750063037887,1.2866895989088647,0.00490506322673057,0.4234077385755477,0.001975837958140004,1.6465998823416557,0.024648216276151862,2.1945415224369453,0.002035532783369099
SYN22-4,1,italic('Synechococcus ') (WH8102),Culture,2,2022-08-16T11:00:00Z,2022-08-16,11:00:00,2022-11-27,2022-11-27T11:00:00Z,7400570,272328.03463837504,1.531183730566092,0.005676775623760916,1.3307510445729371,0.0017437091836097142,0.43047852390778096,0.0029193500284875433,1.6322479722922676,0.02608752227365426,2.1707136110492073,0.013211504797702911
SYN22-4,1,italic('Synechococcus ') (WH8102),Culture,3,2022-08-16T13:00:00Z,2022-08-16,13:00:00,2022-11-27,2022-11-27T13:00:00Z,6982855,36946.32931699711,1.5613144101193883,0.012123776808793278,1.3139013094484377,0.0438824929539265,0.42537017088574436,0.007627778996081525,1.6848170710233397,0.019340028293483996,2.177366659129996,0.004638882581746309
SYN22-4,1,italic('Synechococcus ') (WH8102),Culture,4,2022-08-16T15:00:00Z,2022-08-16,15:00:00,2022-11-27,2022-11-27T15:00:00Z,7682722.5,717674.4920313805,1.546513446889178,0.014276914210718559,1.3573629178751918,0.02341150235877767,0.45911383058612365,0.009272607344199055,1.768470921294913,0.008352515535693942,2.143428604600413,9.657990220946993e-4
SYN22-4,1,italic('Synechococcus ') (WH8102),Culture,5,2022-08-16T17:00:00Z,2022-08-16,17:00:00,2022-11-27,2022-11-27T17:00:00Z,7365085,397599.0719933838,1.5571722660578629,0.03785380898091001,1.3415552164757543,0.046675987874100586,0.43564449399013067,0.010971167585247557,1.890383626888021,0.020168047218385353,2.1993381733774306,0.009138573262358859
SYN22-4,1,italic('Synechococcus ') (WH8102),Culture,6,2022-08-16T19:00:00Z,2022-08-16,19:00:00,2022-11-27,2022-11-27T19:00:00Z,9003275,57770.62402294093,1.5401122481856542,0.033673090545174277,1.3383926906223405,0.04865965782653617,0.45315814706351426,0.009116051904141002,1.911770674612273,0.026537387828345818,2.209601580561941,0.018406275373028014
SYN22-4,1,italic('Synechococcus ') (WH8102),Culture,7,2022-08-16T21:00:00Z,2022-08-16,21:00:00,2022-11-27,2022-11-27T21:00:00Z,10477490,789626.1425510176,1.5332493667435247,0.040244157498640985,1.3349984520150193,0.06008013852530281,0.4573100948932596,0.018038755768914214,1.9040019032886513,0.012464293383475412,2.2227294176595187,0.006252085779682904
SYN22-4,1,italic('Synechococcus ') (WH8102),Culture,8,2022-08-16T23:00:00Z,2022-08-16,23:00:00,2022-11-27,2022-11-27T23:00:00Z,10547415,489720.9434463672,1.516817995337648,0.029871433606614085,1.3050735926863197,0.013999578108953739,0.4589609426248889,0.0020899421566620423,1.8568978433342611,0.004533247175610062,2.2235632799425593,0.008825755962407218
SYN22-4,1,italic('Synechococcus ') (WH8102),Culture,9,2022-08-17T03:00:00Z,2022-08-17,03:00:00,2022-11-28,2022-11-28T03:00:00Z,9878205,49278.2715808905,1.531283026580062,0.029284661719256488,1.3415303765018556,0.02410091012317782,0.4560560849840648,0.007988092262404215,1.7775109599122454,0.007145363899016137,2.2414664962517836,0.013956876168884668
SYN22-4,1,italic('Synechococcus ') (WH8102),Culture,10,2022-08-17T07:00:00Z,2022-08-17,07:00:00,2022-11-28,2022-11-28T07:00:00Z,10034122.5,1165640.7800486821,1.5153295079110256,0.012336774062902855,1.3356914022674164,0.00912666456663055,0.4561829399903238,0.0028899323239235768,1.682527330030273,0.027331765165301943,2.220505910757697,0.01886065004870094
SYN22-4,1,italic('Synechococcus ') (WH8102),Culture,11,2022-08-17T09:00:00Z,2022-08-17,09:00:00,2022-11-28,2022-11-28T09:00:00Z,9632230,152218.8767860281,1.5218764770049091,0.004364477554375583,1.3389050086784935,0.004709779475905424,0.4540354354257597,0.005040780394574917,1.6516683078401213,0.006742695676452643,2.198894176216722,0.04007634225247921
SYN22-4,1,italic('Synechococcus ') (WH8102),Culture,12,2022-08-17T11:00:00Z,2022-08-17,11:00:00,2022-11-28,2022-11-28T11:00:00Z,10865017.5,12229.41178062134,1.555146778349287,1.2648390272684512e-5,1.3563514708794682,3.7188403209872305e-4,0.46245781665038027,5.980001476549628e-4,1.6495243827889001,0.025421164855770735,2.201286894953692,0.013148973062018931
SYN22-4,1,italic('Synechococcus ') (WH8102),Culture,13,2022-08-17T13:00:00Z,2022-08-17,13:00:00,2022-11-28,2022-11-28T13:00:00Z,10722170,873489.0067997421,1.5471078097151751,0.009303756844089605,1.3389492370890508,7.275444991760269e-4,0.45553028460638006,0.0017884947231511736,1.7150674446385874,0.02042008209956782,2.1883489448575606,0.012202796168644132
SYN22-4,1,italic('Synechococcus ') (WH8102),Culture,14,2022-08-17T15:00:00Z,2022-08-17,15:00:00,2022-11-28,2022-11-28T15:00:00Z,10236462.5,240921.88695197453,1.5639316742931342,0.016778163768472642,1.3573488763017534,0.0054901095639102,0.46572889848393534,1.2346161510347177e-4,1.821667589976623,0.006544288615365028,2.2146167981071407,0.004956490180023462
SYN22-4,1,italic('Synechococcus ') (WH8102),Culture,15,2022-08-17T17:00:00Z,2022-08-17,17:00:00,2022-11-28,2022-11-28T17:00:00Z,11473272.5,6431.13617489165,1.5772335652183815,0.01271416721917753,1.375655193325327,0.03790922975682138,0.4746286710931157,0.010282607409545513,1.885872030767321,0.01230120287633213,2.216440353265484,0.0249795887890957
SYN22-4,1,italic('Synechococcus ') (WH8102),Culture,16,2022-08-17T22:00:00Z,2022-08-17,22:00:00,2022-11-28,2022-11-28T22:00:00Z,14130970,625393.5215526301,1.5817781066158778,0.024068084583903603,1.3999275671866196,0.04206745148067439,0.4979931900168726,0.010755512090877734,1.8754568121862205,0.0035192030254220393,2.245087768533228,0.010424081942448607
SYN22-5,2,italic('Synechococcus ') (WH8102),Culture,1,2022-08-24T09:00:00Z,2022-08-24,09:00:00,2022-11-27,2022-11-27T09:00:00Z,11339739.377461769,3723291.587276792,1.5169467364232272,0.011195244778623133,1.3150608896895648,0.013496728057899495,0.4386292255966865,0.0016016403501518902,1.657336717735428,0.027290561722297206,2.238560550207164,0.0181458215099446
SYN22-5,2,italic('Synechococcus ') (WH8102),Culture,2,2022-08-24T11:00:00Z,2022-08-24,11:00:00,2022-11-27,2022-11-27T11:00:00Z,9537823.532368671,1606905.3810878424,1.5765890137575247,0.033985231197345166,1.4121064922814313,0.06024039355264406,0.48394822262708465,0.017561551322625837,1.6103973249111707,0.03125279291935787,2.2292996514570604,0.01051278372075911
SYN22-5,2,italic('Synechococcus ') (WH8102),Culture,3,2022-08-24T13:00:00Z,2022-08-24,13:00:00,2022-11-27,2022-11-27T13:00:00Z,10562133.382466108,3742865.3292064667,1.6069012425810945,0.00825790848165652,1.3341275052088701,0.020317911823891633,0.44749540721321546,0.004210894441249325,1.7130230425757318,0.022849628950132077,2.224012760504619,0.013494477765481034
SYN22-5,2,italic('Synechococcus ') (WH8102),Culture,4,2022-08-24T15:00:00Z,2022-08-24,15:00:00,2022-11-27,2022-11-27T15:00:00Z,10652784.471970607,4287310.579672272,1.596430112710874,0.05713172304427521,1.4024156723713992,0.13279736244315274,0.47271923816867484,0.047304633784328705,1.7325810999500817,0.06738038402853909,2.202716901743076,0.03146123008027004
SYN22-5,2,italic('Synechococcus ') (WH8102),Culture,5,2022-08-24T17:00:00Z,2022-08-24,17:00:00,2022-11-27,2022-11-27T17:00:00Z,14603083.67701693,4493053.281859138,1.5842565194418277,0.032374839612523805,1.3634150805565246,0.01933458834881202,0.46480310632664446,0.0052636685377033246,1.8577134943353228,0.02044112854743448,2.2429600415437667,0.024519960942616055
SYN22-5,2,italic('Synechococcus ') (WH8102),Culture,6,2022-08-24T19:00:00Z,2022-08-24,19:00:00,2022-11-27,2022-11-27T19:00:00Z,16348710.41627111,3010942.9678464113,1.6141135279637804,0.036818088455068496,1.3983695255418525,0.04225637806159778,0.48193947988316344,0.006971323341107537,1.8932235631750147,0.04140506088520196,2.26249854691829,0.020004130117943077
SYN22-5,2,italic('Synechococcus ') (WH8102),Culture,7,2022-08-24T21:00:00Z,2022-08-24,21:00:00,2022-11-27,2022-11-27T21:00:00Z,17662581.67844548,4801779.197228922,1.5316089639196837,0.04389754458639695,1.2983127575423787,0.007626219354836771,0.4310585681374012,0.005681308917760573,1.8445502036364558,0.06423101301603185,2.2121301475834074,0.026227562915064312
SYN22-5,2,italic('Synechococcus ') (WH8102),Culture,8,2022-08-24T23:00:00Z,2022-08-24,23:00:00,2022-11-27,2022-11-27T23:00:00Z,20927159.971889183,1769160.00305201,1.5563841503336793,0.03711812209949783,1.4428101523283992,0.04108581965601854,0.46451200690096783,0.008697778842630044,1.7229155399929934,0.06026634868406848,2.134874277837995,0.014941344341820068
SYN22-5,2,italic('Synechococcus ') (WH8102),Culture,9,2022-08-25T01:00:00Z,2022-08-25,01:00:00,2022-11-28,2022-11-28T01:00:00Z,21185966.459359363,5981415.258108347,1.5458318154785342,0.038531839142877874,1.4521836062004068,0.12506458058388806,0.46457321967776305,0.04657234676248385,1.6333313283982087,0.11800361242717561,2.1015996609541534,0.07357740129699221
SYN22-5,2,italic('Synechococcus ') (WH8102),Culture,10,2022-08-25T03:00:00Z,2022-08-25,03:00:00,2022-11-28,2022-11-28T03:00:00Z,17332773.081080683,9865956.75854445,1.5430772641774202,0.07386468822835177,1.4633045479634528,0.20943115021945688,0.5199490751722134,0.1292164132150233,1.5415276304753145,0.1677201613511652,2.0850442389056156,0.12020254542728516
SYN22-5,2,italic('Synechococcus ') (WH8102),Culture,11,2022-08-25T05:00:00Z,2022-08-25,05:00:00,2022-11-28,2022-11-28T05:00:00Z,19550307.56009572,5797882.000986941,1.4783476160192577,0.033737454274122204,1.4263379520297081,0.10772953099190326,0.49630098046430027,0.07685999424503588,1.3704569805035063,0.12696807263721493,1.9781254406649798,0.1044168646037769
SYN22-5,2,italic('Synechococcus ') (WH8102),Culture,12,2022-08-25T07:00:00Z,2022-08-25,07:00:00,2022-11-28,2022-11-28T07:00:00Z,20126820.01256229,7800296.457510222,1.5231995558712703,0.06613281140597235,1.4974866374419222,0.21889754562573394,0.4770731610958089,0.08385247483475863,1.3548451644409596,0.2290339467452154,2.002444542172733,0.15157741181748396
SYN22-5,2,italic('Synechococcus ') (WH8102),Culture,13,2022-08-25T09:00:00Z,2022-08-25,09:00:00,2022-11-28,2022-11-28T09:00:00Z,20778368.785712954,3075427.362195325,1.520307943943454,0.025637634245765158,1.5075504011868786,0.04797829800199078,0.5716821097050124,0.024034949563581428,1.3118866691164703,0.02657506577540084,1.9839756278767435,0.02461456799184929
SYN22-5,2,italic('Synechococcus ') (WH8102),Culture,14,2022-08-25T11:00:00Z,2022-08-25,11:00:00,2022-11-28,2022-11-28T11:00:00Z,20373523.867664065,3439260.1982198837,1.492114037781112,0.0057454121753632995,1.2797611262849997,0.007758371587820296,0.40462711243082894,0.0021747785161976532,1.5856378705404683,0.0383803212597144,2.175374608198563,0.0060674710448398
SYN22-5,2,italic('Synechococcus ') (WH8102),Culture,15,2022-08-25T13:00:00Z,2022-08-25,13:00:00,2022-11-28,2022-11-28T13:00:00Z,18904098.183578175,3879325.294650409,1.5255985952619238,0.012738920642702743,1.2792603228114716,0.019852366011119248,0.4025265751929224,0.0031560182955803354,1.6406705720184054,0.047682541314793554,2.149561351373384,0.01627320715797629
SYN22-5,2,italic('Synechococcus ') (WH8102),Culture,16,2022-08-25T15:00:00Z,2022-08-25,15:00:00,2022-11-28,2022-11-28T15:00:00Z,NA,NA,1.513965949052046,0.021394746175683137,1.28925723079134,0.010012722899380204,0.4208053704606129,0.01611285384336296,1.709723287737757,0.050562016912986146,2.1441935443769657,0.022616819229763035
OL22-2,1,italic('O. Lucimarinus'),Culture,1,2022-11-30T09:00:00Z,2022-11-30,09:00:00,2022-11-27,2022-11-27T09:00:00Z,53917250,4207338.774391717,0.7815466491757355,0.008701714467490632,0.6601100279501693,0.008667444495006728,1.475344435905151,0.010575791354393176,1.1338574780884485,0.05314071108398868,1.7067129462615334,0.01613407353439043
OL22-2,1,italic('O. Lucimarinus'),Culture,2,2022-11-30T11:00:00Z,2022-11-30,11:00:00,2022-11-27,2022-11-27T11:00:00Z,51666666.666666664,4380922.857496276,0.7654161727470756,0.006579215141735366,0.6349517414360438,0.008067045769303406,1.4801682790475048,0.015074505601047334,1.2211169154776909,0.06815809659702059,1.7016426747028885,0.05973879544011086
OL22-2,1,italic('O. Lucimarinus'),Culture,3,2022-11-30T13:00:00Z,2022-11-30,13:00:00,2022-11-27,2022-11-27T13:00:00Z,49816916.666666664,3934811.322774363,0.743724012087509,0.0063858553065899515,0.631793864703652,0.009993578687745301,1.4516153049654095,0.013581651721758289,1.2452074247959755,0.05364371777160387,1.7118575319781353,0.05798800411400044
OL22-2,1,italic('O. Lucimarinus'),Culture,4,2022-11-30T15:00:00Z,2022-11-30,15:00:00,2022-11-27,2022-11-27T15:00:00Z,49004250,1489740.1619074382,0.7438225987747862,0.0011379842621356488,0.6423218509397295,0.007880760920376272,1.4627641865171905,0.0013960990260859756,1.2658545255552847,0.0129342305595991,1.7217218231088185,0.044247035830333785
OL22-2,1,italic('O. Lucimarinus'),Culture,5,2022-11-30T17:00:00Z,2022-11-30,17:00:00,2022-11-27,2022-11-27T17:00:00Z,46365333.333333336,1692581.6142311525,0.7569945424566566,0.00425253661817384,0.6419761543931751,0.008290609292427854,1.4856765788631539,0.006831744473025357,1.310149144075815,0.018468542216067092,1.7489640449757764,0.030691247104881098
OL22-2,1,italic('O. Lucimarinus'),Culture,6,2022-11-30T19:00:00Z,2022-11-30,19:00:00,2022-11-27,2022-11-27T19:00:00Z,42241666.666666664,3625115.5355151556,0.7493658246261963,5.791598472180441e-4,0.6498316334186182,0.0030688257807275493,1.540749678502193,0.009470011797797225,1.3472775788848188,0.04187139300274686,1.7802754299844734,0.029971363244645544
OL22-2,1,italic('O. Lucimarinus'),Culture,7,2022-11-30T21:00:00Z,2022-11-30,21:00:00,2022-11-27,2022-11-27T21:00:00Z,47122750,4244702.043430139,0.7577592142597569,0.007790995073493065,0.6433786930729837,0.004242092057755703,1.5629656683102517,0.008753436769151354,1.3674492039431978,0.02841233874971031,1.7456609622514356,0.02447403758567662
OL22-2,1,italic('O. Lucimarinus'),Culture,8,2022-11-30T23:00:00Z,2022-11-30,23:00:00,2022-11-27,2022-11-27T23:00:00Z,46392500,6923739.81764913,0.7559130724675095,0.018744055578036337,0.6462643378785415,0.0026075038716837774,1.5663080592397352,0.010480908657597121,1.273146487197654,0.07074949165164933,1.7122273086454876,0.0442016213310176
OL22-2,1,italic('O. Lucimarinus'),Culture,9,2022-12-01T01:00:00Z,2022-12-01,01:00:00,2022-11-28,2022-11-28T01:00:00Z,53531083.333333336,5161891.576334526,0.7505293135420392,0.0037812958036059787,0.6425317658243045,0.0032341126147702706,1.539266137679752,0.011260289839202816,1.2550573621252334,0.018844224557504643,1.720416312765274,0.012880716739953259
OL22-2,1,italic('O. Lucimarinus'),Culture,10,2022-12-01T07:00:00Z,2022-12-01,07:00:00,2022-11-28,2022-11-28T07:00:00Z,53945416.666666664,5783745.144440005,0.7546778082861098,0.01668933341944892,0.6456015917393277,0.008843490444117651,1.4987339645769069,0.009719662389148663,1.1371764084007066,0.051252797343826775,1.658545784669135,0.09164929061102614
OL22-2,1,italic('O. Lucimarinus'),Culture,11,2022-12-01T09:00:00Z,2022-12-01,09:00:00,2022-11-28,2022-11-28T09:00:00Z,57222250,3192024.710117389,0.7355280743345958,0.006551323011876496,0.6449213334102298,0.008230952918917704,1.4760749936550095,0.013298994329885664,1.104771765300787,0.03339466149993796,1.698576824422756,0.027669990070769302
OL22-2,1,italic('O. Lucimarinus'),Culture,12,2022-12-01T11:00:00Z,2022-12-01,11:00:00,2022-11-28,2022-11-28T11:00:00Z,51619666.666666664,19000537.025853593,0.7412814274609936,0.008793919547933257,0.6513786812499436,0.00231404543434459,1.4871587887431432,0.01812124129186931,1.1406045909081286,0.06294424047569529,1.6551499490091082,0.06800038492641634
OL22-3,2,italic('O. Lucimarinus'),Culture,1,2022-12-07T09:00:00Z,2022-12-07,09:00:00,2022-11-27,2022-11-27T09:00:00Z,56663625,15485102.354763433,0.7471128192821826,0.0018387491181814312,0.6530334164884739,0.0010819948906192567,1.5056397518613989,0.011607545991366925,1.113747080278486,0.07906931337785394,1.6390366397852256,0.05041272008338702
OL22-3,2,italic('O. Lucimarinus'),Culture,2,2022-12-07T11:00:00Z,2022-12-07,11:00:00,2022-11-27,2022-11-27T11:00:00Z,58089750,3851811.9058870636,0.7401600443498944,0.00458496711242689,0.6393529771175516,0.008241650980484712,1.5215655918895241,0.009597971107880977,1.081639888285343,0.04864862127252186,1.6455849653498633,0.05402111988741572
OL22-3,2,italic('O. Lucimarinus'),Culture,3,2022-12-07T13:00:00Z,2022-12-07,13:00:00,2022-11-27,2022-11-27T13:00:00Z,56340166.75,5052104.085977998,0.7564000224326773,0.013161612789177926,0.6322820560928772,0.002148217083138663,1.4945700158649469,0.01860167257698464,1.2092678704588242,0.03184454514143506,1.7089761952787934,0.012278942055370445
OL22-3,2,italic('O. Lucimarinus'),Culture,4,2022-12-07T15:00:00Z,2022-12-07,15:00:00,2022-11-27,2022-11-27T15:00:00Z,41840187.5,18638379.283277065,0.7498810132334008,0.008440588442841674,0.6330738860152071,0.007568797355224673,1.5514177730188974,0.02954122150902357,1.2734863910320506,0.03958899405684898,1.6886219088199388,0.09972799538143652
OL22-3,2,italic('O. Lucimarinus'),Culture,5,2022-12-07T17:00:00Z,2022-12-07,17:00:00,2022-11-27,2022-11-27T17:00:00Z,61673750,3794358.1857366427,0.7473639822092775,0.009912368687376064,0.6449916121388135,0.007440899605741192,1.590152503538643,0.014053486073728232,1.3007117660355427,0.0239836830912442,1.7518462340733503,0.011255827637098372
OL22-3,2,italic('O. Lucimarinus'),Culture,6,2022-12-07T19:00:00Z,2022-12-07,19:00:00,2022-11-27,2022-11-27T19:00:00Z,61747812.5,3368302.8143203417,0.7487075440203577,0.01018246622859269,0.6443966437394644,0.004349295129277187,1.6565325464893232,0.010531560749983506,1.3413500178962452,0.03572806723148752,1.7499339853133957,0.01480505803660474
OL22-3,2,italic('O. Lucimarinus'),Culture,7,2022-12-07T21:00:00Z,2022-12-07,21:00:00,2022-11-27,2022-11-27T21:00:00Z,62670375,2495556.607502623,0.7516346661716073,8.65694559654193e-4,0.6523701519448902,0.007931789426551174,1.6369909206253324,0.005110369440646314,1.2646498503039842,0.03385466026029976,1.7142193109479926,0.012783553037459289
OL22-3,2,italic('O. Lucimarinus'),Culture,8,2022-12-07T23:00:00Z,2022-12-07,23:00:00,2022-11-27,2022-11-27T23:00:00Z,71398375,12856224.141928298,0.7413983238922183,0.004084941797698844,0.6507920342533264,0.006015616449787086,1.590306597623024,0.0089498335486207,1.22331185264484,0.005319888659877702,1.719162700799187,0.029337807543385767
OL22-3,2,italic('O. Lucimarinus'),Culture,9,2022-12-08T01:00:00Z,2022-12-08,01:00:00,2022-11-28,2022-11-28T01:00:00Z,85986000,14417704.398585789,0.7358160606547974,0.0061430163650705244,0.6473004981475737,0.0068751274121631395,1.563218071824845,0.008900310663578223,1.1994014759354714,0.025894627176284338,1.6724743082933862,0.03196496171819325
OL22-3,2,italic('O. Lucimarinus'),Culture,10,2022-12-08T03:00:00Z,2022-12-08,03:00:00,2022-11-28,2022-11-28T03:00:00Z,86207625,5241022.651878162,0.745080640763375,0.009843222650160329,0.6469014578714876,0.01327504386488739,1.5382048444305503,0.008767747968102067,1.1710541011295406,0.0446646387998559,1.693966919521682,0.039848162196096215
OL22-3,2,italic('O. Lucimarinus'),Culture,11,2022-12-08T05:00:00Z,2022-12-08,05:00:00,2022-11-28,2022-11-28T05:00:00Z,98028750,6070370.695023493,0.7292415393863274,0.008879096530199459,0.6352261207566138,0.004896873418760659,1.521988376137584,0.009642182698188896,1.0895445133642974,0.026465970075016367,1.6566593605907887,0.01515161431938471
OL22-3,2,italic('O. Lucimarinus'),Culture,12,2022-12-08T07:00:00Z,2022-12-08,07:00:00,2022-11-28,2022-11-28T07:00:00Z,84173812.5,13695816.531844983,0.7373934004937971,0.006597814549784419,0.6398969145571733,0.0017704969243982987,1.5140176811367119,0.0033099697911285774,1.0912476759624665,0.034005201800463146,1.6620934787919672,0.028641111916564568
OL22-3,2,italic('O. Lucimarinus'),Culture,13,2022-12-08T09:00:00Z,2022-12-08,09:00:00,2022-11-28,2022-11-28T09:00:00Z,93245937.5,3333047.519256964,0.7318601902444635,0.007775547644692846,0.6387592051227314,0.010553029972760903,1.4988068292307666,0.007575775544211546,1.052389481478765,0.0494102925364208,1.6579965314582363,0.018032459927954464
OL22-3,2,italic('O. Lucimarinus'),Culture,14,2022-12-08T11:00:00Z,2022-12-08,11:00:00,2022-11-28,2022-11-28T11:00:00Z,95545625,11177751.394138567,0.7323780275778773,0.006142352936094183,0.6524238255157847,0.007916358759361778,1.5080809443347307,0.006564485613360646,1.090288160556331,0.04355076992237292,1.645840626663209,0.04099072250694095
OL22-3,2,italic('O. Lucimarinus'),Culture,15,2022-12-08T13:00:00Z,2022-12-08,13:00:00,2022-11-28,2022-11-28T13:00:00Z,74788187.5,11908011.3428156,0.7512589116566306,0.008332660878779704,0.6405389548844895,0.005307733156731863,1.5199749142948284,0.009221446612732349,1.3052316470432495,0.060467854293113216,1.7978941025787745,0.07012482590301845
TP22-14,2,italic('T. Pseudonana'),Optics,1,2022-05-18T09:00:00Z,2022-05-18,09:00:00,2022-11-27,2022-11-27T09:00:00Z,7438.666666666667,1442.2019044965004,0.7132742142940931,0.019674207761542134,1.493968191680465,0.007930781362490674,1.442166027138705,0.0039261785573738005,1.8088993773244364,0.001554208937927757,1.2159563700816092,0.00772250872783283
TP22-14,2,italic('T. Pseudonana'),Optics,2,2022-05-18T11:00:00Z,2022-05-18,11:00:00,2022-11-27,2022-11-27T11:00:00Z,7250.333333333333,1611.321300465346,0.7975589637226801,0.015522223194995926,1.518985142192528,0.012090475130266053,1.502460573411921,0.004165681954949951,1.867860685196443,0.005070517492309947,1.238090645328012,0.009131189393188965
TP22-14,2,italic('T. Pseudonana'),Optics,3,2022-05-18T13:00:00Z,2022-05-18,13:00:00,2022-11-27,2022-11-27T13:00:00Z,8352,2238.0598740873756,0.937741511278445,0.010457232958557936,1.5835958261390957,0.006705634151920097,1.6053813424895207,0.012509011483199817,2.0450135110972147,0.006983092163936388,1.3039815367677046,0.0077625671502326715
TP22-14,2,italic('T. Pseudonana'),Optics,4,2022-05-18T15:00:00Z,2022-05-18,15:00:00,2022-11-27,2022-11-27T15:00:00Z,8041.333333333333,976.1364317211675,0.9606102293143925,0.00489537049907565,1.605089509098544,0.012572593228108012,1.5917296765497524,0.005612850076911188,2.096791535591493,0.0094617069479237155,1.3566975033714561,0.016542416629916488
TP22-14,2,italic('T. Pseudonana'),Optics,5,2022-05-18T17:00:00Z,2022-05-18,17:00:00,2022-11-27,2022-11-27T17:00:00Z,11836,1273.4453266630649,0.9187345835408678,0.013237675297450808,1.5688913580380972,0.00936980468052996,1.5815447893137653,0.011059138938904957,2.0744530453907037,0.010608932324376643,1.3798313219664042,0.016065493626985207
TP22-14,2,italic('T. Pseudonana'),Optics,6,2022-05-18T19:00:00Z,2022-05-18,19:00:00,2022-11-27,2022-11-27T19:00:00Z,9708,1781.4185358864997,0.8622319662215339,0.008236822290128289,1.543480952245344,0.012352099599278236,1.5908359706718367,0.004665943972340069,2.0602762326822743,0.009010899216052642,1.3867978910663794,0.0025029952920558748
TP22-14,2,italic('T. Pseudonana'),Optics,7,2022-05-18T21:00:00Z,2022-05-18,21:00:00,2022-11-27,2022-11-27T21:00:00Z,8324,2401.9519145894656,0.8340242151529477,0.010633113766114966,1.5388888404165189,0.0092132643794606,1.582411168322981,0.007014773537063153,2.0900746261251095,0.008424447911777759,1.3670653783422855,0.011356171666622646
TP22-14,2,italic('T. Pseudonana'),Optics,8,2022-05-18T23:00:00Z,2022-05-18,23:00:00,2022-11-27,2022-11-27T23:00:00Z,8211,753.0557748268052,0.7850900529981888,0.005713548346287494,1.5128275132676903,0.007839838996064349,1.5349899448589326,0.003523081887142726,2.092387274275464,0.004040646198694754,1.2978980439267263,0.01592593665420923
TP22-14,2,italic('T. Pseudonana'),Optics,9,2022-05-19T01:00:00Z,2022-05-19,01:00:00,2022-11-28,2022-11-28T01:00:00Z,10386,2538.5336318433915,0.7576837724417709,0.01098862843189462,1.4893302040032002,0.0015428166765231554,1.5298073216272303,0.007340557962245625,2.0554676011373965,0.00920196472719529,1.2593334061076196,0.00909089840483106
TP22-14,2,italic('T. Pseudonana'),Optics,10,2022-05-19T03:00:00Z,2022-05-19,03:00:00,2022-11-28,2022-11-28T03:00:00Z,9896.666666666666,1037.7496486789737,0.7400573127672686,0.009806594492581047,1.4879472554760498,0.01604206445243733,1.520495122587483,0.016910337453827508,1.9688260375918576,0.011778041197184768,1.2560094118437426,0.018226394103165556
TP22-14,2,italic('T. Pseudonana'),Optics,11,2022-05-19T05:00:00Z,2022-05-19,05:00:00,2022-11-28,2022-11-28T05:00:00Z,13502,1479.2673862422573,0.7019847756652036,0.00636979430676239,1.4772520628806045,0.005072254297426665,1.4807664131778018,0.014058828903706697,1.8810171009167844,0.010390627073177007,1.228111035433077,0.010389091938612103
TP22-14,2,italic('T. Pseudonana'),Optics,12,2022-05-19T07:00:00Z,2022-05-19,07:00:00,2022-11-28,2022-11-28T07:00:00Z,10876,NA,0.6816359247564818,NA,1.4810230972961032,NA,1.475809777797104,NA,1.839408867092194,NA,1.2317131849887382,NA
TP22-14,2,italic('T. Pseudonana'),Optics,13,2022-05-19T09:00:00Z,2022-05-19,09:00:00,2022-11-28,2022-11-28T09:00:00Z,7316.333333333333,1079.5259762198098,0.6830096253483499,0.013118932950272584,1.4623896128153084,0.014053427249511254,1.4714163696904259,0.019233092483324103,1.8311374696229517,0.012539864674931327,1.2252823516668876,0.006391043903073071
SYN22-4,1,italic('Synechococcus ') (WH8102),Optics,1,2022-08-16T09:00:00Z,2022-08-16,09:00:00,2022-11-27,2022-11-27T09:00:00Z,40099,6532.252444601326,1.4230343331122102,0.03126792408614457,1.2401572306141553,0.023270769689932243,0.37306776824937976,0.00331157797273251,1.5991008904380566,0.0027521474655514454,2.1253323447623043,0.010758007969428785
SYN22-4,1,italic('Synechococcus ') (WH8102),Optics,2,2022-08-16T11:00:00Z,2022-08-16,11:00:00,2022-11-27,2022-11-27T11:00:00Z,37458,12264.060012899481,1.452801458806917,0.024593683713975262,1.260453381709913,0.01502314412845499,0.37465041798886706,0.0017277528617902686,1.5950276651855961,0.011532303320440487,2.1022530863555215,0.005546627050067327
SYN22-4,1,italic('Synechococcus ') (WH8102),Optics,3,2022-08-16T13:00:00Z,2022-08-16,13:00:00,2022-11-27,2022-11-27T13:00:00Z,37542,13102.688655386726,1.4624564491810055,0.05043702408737117,1.2438960671135302,0.0140882938664577,0.3758317853781891,0.00308307783125888,1.6391459974313025,0.02981530849814087,2.0830321854397247,0.04480991947929107
SYN22-4,1,italic('Synechococcus ') (WH8102),Optics,4,2022-08-16T15:00:00Z,2022-08-16,15:00:00,2022-11-27,2022-11-27T15:00:00Z,33079,7749.890321804561,1.4617483363140706,0.041826946386089005,1.2623500772230156,0.012934189552172714,0.3848676927032757,8.11060027701337e-4,1.7392601205439777,0.03678680162561986,2.095308410789995,0.03495833826758469
SYN22-4,1,italic('Synechococcus ') (WH8102),Optics,5,2022-08-16T17:00:00Z,2022-08-16,17:00:00,2022-11-27,2022-11-27T17:00:00Z,46681,25666.561943509303,1.4426629388198768,0.007170258800201813,1.2332234463453626,0.005093001084366338,0.37846877344146485,7.195562344174018e-4,1.819800730928235,0.009492557178480224,2.1050897117067375,0.0256778872884637
SYN22-4,1,italic('Synechococcus ') (WH8102),Optics,6,2022-08-16T19:00:00Z,2022-08-16,19:00:00,2022-11-27,2022-11-27T19:00:00Z,61624,24751.56576865391,1.4400038503891168,0.020064762789373,1.2358646935934572,0.024822163078699732,0.3784495205035183,0.010484620655501172,1.8599594443173944,0.0043907082290458276,2.1146373350494625,0.010673812796626343
SYN22-4,1,italic('Synechococcus ') (WH8102),Optics,7,2022-08-16T21:00:00Z,2022-08-16,21:00:00,2022-11-27,2022-11-27T21:00:00Z,82595,18871.26577630658,1.4379958649496398,0.01880226231979725,1.2285712064800438,0.0020517207497675743,0.3831886843718717,7.846196765919751e-4,1.8266977204158823,5.29136269068849e-4,2.1143636509280643,0.014996653464471559
SYN22-4,1,italic('Synechococcus ') (WH8102),Optics,8,2022-08-16T23:00:00Z,2022-08-16,23:00:00,2022-11-27,2022-11-27T23:00:00Z,90042,21152.39225241438,1.4330052613874402,0.0185543791141578,1.2320213586664972,0.011114414024701659,0.3909586440294375,0.008664158589547964,1.7599128841771474,0.011185238164239391,2.0965341472763814,0.03039513262233415
SYN22-4,1,italic('Synechococcus ') (WH8102),Optics,9,2022-08-17T03:00:00Z,2022-08-17,03:00:00,2022-11-28,2022-11-28T03:00:00Z,89153,25409.1750751574,1.4497505214972664,0.016752354091463882,1.263399038958552,0.0049901170209153125,0.39231330694015787,0.007506006759528226,1.6911117155535464,1.4416432205956238e-4,2.1229274899296255,0.020255454141766653
SYN22-4,1,italic('Synechococcus ') (WH8102),Optics,10,2022-08-17T07:00:00Z,2022-08-17,07:00:00,2022-11-28,2022-11-28T07:00:00Z,70353,23231.286189102833,1.4360763427636545,0.0069942410509846184,1.2530463394489817,0.0035543516866688436,0.38101266466250905,0.00697533352973299,1.6240779469046078,0.011623434384952612,2.118359113452133,0.00933662390471293
SYN22-4,1,italic('Synechococcus ') (WH8102),Optics,11,2022-08-17T09:00:00Z,2022-08-17,09:00:00,2022-11-28,2022-11-28T09:00:00Z,90720.5,41567.2721320512,1.4413247897336912,0.007287732621985754,1.2664116027276249,0.016891710055143012,0.3840150925283725,1.8484865845967683e-4,1.5963507005457653,0.015806946343113158,2.1198671260254782,0.0018433237556162241
SYN22-4,1,italic('Synechococcus ') (WH8102),Optics,12,2022-08-17T11:00:00Z,2022-08-17,11:00:00,2022-11-28,2022-11-28T11:00:00Z,89972,33477.263448495905,1.4686441509917334,0.014915850551053223,1.2689257229089685,0.0023416236082255855,0.3827872101091644,0.006106678798505048,1.584091635598444,3.476669216844134e-4,2.1068707999311886,0.020257955483027352
SYN22-4,1,italic('Synechococcus ') (WH8102),Optics,13,2022-08-17T13:00:00Z,2022-08-17,13:00:00,2022-11-28,2022-11-28T13:00:00Z,84124,39790.312790929405,1.452650171724839,0.01600011059235124,1.2425056268615036,0.0015387865815361449,0.3760465478604508,0.00566448459486054,1.6374419409028866,0.009519769221681825,2.096946601192972,0.013143743650617282
SYN22-5,2,italic('Synechococcus ') (WH8102),Optics,1,2022-08-24T09:00:00Z,2022-08-24,09:00:00,2022-11-27,2022-11-27T09:00:00Z,79642,26149.665236862977,1.422093455997227,0.017306632901255635,1.232744525882472,0.011496988169546456,0.37584437652244407,0.008654783224645598,1.5484554268369668,0.011460063879556953,2.1324448170471517,0.024398598834523354
SYN22-5,2,italic('Synechococcus ') (WH8102),Optics,2,2022-08-24T11:00:00Z,2022-08-24,11:00:00,2022-11-27,2022-11-27T11:00:00Z,66986.66666666667,11285.72307534317,1.4606267732292166,0.010161569355592162,1.2597645241340631,0.008484624133068332,0.38239522603521797,0.004866745788856275,1.5452036509020137,0.020328837616898937,2.119613897345305,0.0240011499413754
SYN22-5,2,italic('Synechococcus ') (WH8102),Optics,3,2022-08-24T13:00:00Z,2022-08-24,13:00:00,2022-11-27,2022-11-27T13:00:00Z,74180.66666666667,26287.136822661636,1.4695378283726244,0.011948369978198106,1.246801407742133,0.003040662226906986,0.3853687979820251,0.0027461867925447354,1.598369816913925,0.015027609973301232,2.1132496366156044,0.02297304306278327
SYN22-5,2,italic('Synechococcus ') (WH8102),Optics,4,2022-08-24T15:00:00Z,2022-08-24,15:00:00,2022-11-27,2022-11-27T15:00:00Z,74817.33333333333,30110.92035015425,1.4570639743867286,0.020242368823761025,1.2340598083761618,0.010504038637898911,0.3784717080098554,0.008795800599371661,1.6973078764326217,0.009116607534458188,2.1301746698897346,0.016198845917619522
SYN22-5,2,italic('Synechococcus ') (WH8102),Optics,5,2022-08-24T17:00:00Z,2022-08-24,17:00:00,2022-11-27,2022-11-27T17:00:00Z,102561.33333333333,31555.90596597305,1.4552832243969944,0.014620321124944852,1.2352072021099048,0.008178355213175713,0.38260233097741686,0.008085735975515042,1.7552544855903212,0.011122363510902246,2.135976100942771,0.02699288975454151
SYN22-5,2,italic('Synechococcus ') (WH8102),Optics,6,2022-08-24T19:00:00Z,2022-08-24,19:00:00,2022-11-27,2022-11-27T19:00:00Z,114821.33333333333,21146.651775951043,1.4673738100270284,0.043633357440213086,1.2353143358592036,0.023468414994331784,0.3886646268426546,0.010321843672341395,1.7934370710801273,0.018619354434409766,2.134428320886152,0.03938567674250637
SYN22-5,2,italic('Synechococcus ') (WH8102),Optics,7,2022-08-24T21:00:00Z,2022-08-24,21:00:00,2022-11-27,2022-11-27T21:00:00Z,124049,33724.170026851665,1.4649067773152271,0.04699964087161717,1.2327041973654103,0.027466191317315352,0.39045682170751494,0.010748265120284423,1.7583402858840407,0.039344826070260075,2.134645039255778,0.03203400871308552
SYN22-5,2,italic('Synechococcus ') (WH8102),Optics,9,2022-08-25T01:00:00Z,2022-08-25,01:00:00,2022-11-28,2022-11-28T01:00:00Z,148794.66666666666,42009.06723950597,1.4495585342277455,0.03099252134910425,1.2357421869249299,0.021832233701416126,0.3916646678996295,0.0145904575435208,1.6942505596068687,0.031617489029381815,2.1582973317849907,0.012127652737973012
SYN22-5,2,italic('Synechococcus ') (WH8102),Optics,10,2022-08-25T03:00:00Z,2022-08-25,03:00:00,2022-11-28,2022-11-28T03:00:00Z,121732.66666666667,69291.23342337999,1.4514107588171983,0.020405268296954233,1.2464682744505093,0.02039557313020067,0.3907558393414811,0.010334957841796413,1.6540924100596774,0.026203844863377655,2.160543070268419,0.01986783172478576
SYN22-5,2,italic('Synechococcus ') (WH8102),Optics,11,2022-08-25T05:00:00Z,2022-08-25,05:00:00,2022-11-28,2022-11-28T05:00:00Z,137307,40720.06445230656,1.4546907188333715,0.029273586654629286,1.2538352188657949,0.027728015624461907,0.39363328875946607,0.014277299011344629,1.6281671641075746,0.03406648048329835,2.170309094406102,0.02798445963360437
SYN22-5,2,italic('Synechococcus ') (WH8102),Optics,12,2022-08-25T07:00:00Z,2022-08-25,07:00:00,2022-11-28,2022-11-28T07:00:00Z,141356,54783.55275992969,1.4625320898813579,0.011962738531272287,1.2642471514532443,0.00951718375642822,0.39362342559565583,0.011608899070456946,1.5967315892533749,0.026189018681798088,2.162161791660619,0.023001142802370093
SYN22-5,2,italic('Synechococcus ') (WH8102),Optics,13,2022-08-25T09:00:00Z,2022-08-25,09:00:00,2022-11-28,2022-11-28T09:00:00Z,145932,21599.542796087142,1.4530120563863254,0.02858547316615562,1.2612316097922194,0.02916547740697344,0.39401370031790994,0.014939413945015185,1.5549085341154545,0.0500540159580206,2.154547147647448,0.03840503573501167
SYN22-5,2,italic('Synechococcus ') (WH8102),Optics,14,2022-08-25T11:00:00Z,2022-08-25,11:00:00,2022-11-28,2022-11-28T11:00:00Z,143088.66666666666,24154.837389917022,1.4734335477886018,0.02215357593206202,1.2697398033822955,0.01672915053732729,0.3918549985420696,0.011784607216263843,1.5488956878815856,0.033857452849367836,2.1382254587697904,0.03855100023295457
SYN22-5,2,italic('Synechococcus ') (WH8102),Optics,15,2022-08-25T13:00:00Z,2022-08-25,13:00:00,2022-11-28,2022-11-28T13:00:00Z,132994.33333333334,19269.47047361015,1.4808698718155682,0.0414997899167885,1.2518162026711321,0.027541484715833214,0.3907058313614784,0.014038977298123437,1.5984979556718808,0.051466831941169376,2.1315326389107243,0.040336809118782964
OL22-2,1,italic('O. Lucimarinus'),Optics,1,2022-11-30T09:00:00Z,2022-11-30,09:00:00,2022-11-27,2022-11-27T09:00:00Z,471280.6666666667,55540.60757079755,0.769247319921856,0.0076145315740743765,0.6602399768847266,0.007528012876176655,1.477424126170344,0.016753982677433953,1.1720585394482008,0.0025104746123309316,1.7208455535014098,0.04097635941140794
OL22-2,1,italic('O. Lucimarinus'),Optics,2,2022-11-30T11:00:00Z,2022-11-30,11:00:00,2022-11-27,2022-11-27T11:00:00Z,498493.3333333333,39578.79935436816,0.7506653630242422,0.008539853361903946,0.6435473926256954,0.0028136963966095712,1.4748331798958711,0.011553285696134815,1.1526620204231437,0.038278166233583655,1.7236810445532016,0.020443287847893857
OL22-2,1,italic('O. Lucimarinus'),Optics,3,2022-11-30T13:00:00Z,2022-11-30,13:00:00,2022-11-27,2022-11-27T13:00:00Z,474200,30847.638078141412,0.7475191177866343,0.0082310697315507,0.6485279691952778,0.004050820147968351,1.475349588237432,0.013161612712557705,1.2178425589668924,7.243849750935169e-4,1.7253774106458521,0.013168860627651853
OL22-2,1,italic('O. Lucimarinus'),Optics,4,2022-11-30T15:00:00Z,2022-11-30,15:00:00,2022-11-27,2022-11-27T15:00:00Z,449716.6666666667,76276.31502198656,0.7608807507902001,0.0055823615281483056,0.6322159912151366,0.015394628600087609,1.4772112856883188,0.0061473596093469815,1.2518126434765775,0.06551852805594334,1.737283488719951,0.009909424323152184
OL22-2,1,italic('O. Lucimarinus'),Optics,5,2022-11-30T17:00:00Z,2022-11-30,17:00:00,2022-11-27,2022-11-27T17:00:00Z,451600,73852.65313446769,0.7475821599407112,0.019739861492905495,0.6406403462357111,0.008689175852233175,1.5104182926393546,0.015118605900618231,1.3365451499515957,0.05413875223179145,1.770106869558249,0.032528028482299264
OL22-2,1,italic('O. Lucimarinus'),Optics,6,2022-11-30T19:00:00Z,2022-11-30,19:00:00,2022-11-27,2022-11-27T19:00:00Z,451788.3333333333,58393.448333981214,0.7542505456667534,0.006242575088813661,0.6465811582943222,0.005496375749566662,1.5631833044775048,0.0023287053378049606,1.3264212949236176,0.02339882899957081,1.7531195887201967,0.017596209883518014
OL22-2,1,italic('O. Lucimarinus'),Optics,7,2022-11-30T21:00:00Z,2022-11-30,21:00:00,2022-11-27,2022-11-27T21:00:00Z,486251.6666666667,113405.97981735061,0.7570204572562294,0.006369578944076069,0.6418427347797303,0.009208697660993222,1.5785904784735727,0.010406170394345469,1.360976152085071,0.059819944945572544,1.7902078999132318,0.050617808279415796
OL22-2,1,italic('O. Lucimarinus'),Optics,8,2022-11-30T23:00:00Z,2022-11-30,23:00:00,2022-11-27,2022-11-27T23:00:00Z,519208.3333333333,73398.30759856342,0.7475583881361718,0.0012988045729545646,0.6483126124427416,0.014010048600731026,1.5543919800029011,0.005187776934175863,1.2844977459149534,0.045195765665286526,1.7479600845235836,0.056069497771219834
OL22-2,1,italic('O. Lucimarinus'),Optics,9,2022-12-01T01:00:00Z,2022-12-01,01:00:00,2022-11-28,2022-11-28T01:00:00Z,526553.3333333334,213484.75825766422,0.7617715907955905,0.006823815176892159,0.6474455362872199,0.0055051724972950905,1.5360497203982852,0.011091287398519556,1.213051638107716,0.0492112586127508,1.692340284520725,0.04486694198771914
OL22-2,1,italic('O. Lucimarinus'),Optics,10,2022-12-01T07:00:00Z,2022-12-01,07:00:00,2022-11-28,2022-11-28T07:00:00Z,638542.5,31830.411755112436,0.744329483680161,0.0069622778106792895,0.6549890553725024,0.0021611446533006287,1.4873662723439023,1.2565372042469665e-5,1.0850135779054662,0.10711755937967582,1.7034027166456913,0.0385324268906044
OL22-2,1,italic('O. Lucimarinus'),Optics,11,2022-12-01T09:00:00Z,2022-12-01,09:00:00,2022-11-28,2022-11-28T09:00:00Z,578247.5,93087.07220930305,0.7442838090995849,0.013287084406326593,0.6426319036749755,0.010391368702864247,1.478953662159475,0.018178687872934113,1.2249156438677151,0.0038564454755188847,1.7409985688115648,0.025440948351053014
OL22-2,1,italic('O. Lucimarinus'),Optics,12,2022-12-01T11:00:00Z,2022-12-01,11:00:00,2022-11-28,2022-11-28T11:00:00Z,605273.3333333334,161302.88910411161,0.7411339980997947,0.0028659178867952904,0.6459151252246573,0.004461373392424144,1.4878027177941209,0.00816838277397142,1.1638156911823627,0.021090507757445014,1.697985694665599,0.02259298629854519
OL22-3,2,italic('O. Lucimarinus'),Optics,1,2022-12-07T09:00:00Z,2022-12-07,09:00:00,2022-11-27,2022-11-27T09:00:00Z,572281.6666666666,190650.78031136756,0.7502482793332945,0.007377362510164122,0.6425705558605849,0.00804562103766459,1.5193559119003899,0.01599079091496306,1.0747736947180169,0.0657756326063199,1.6361483246792998,0.02239948421224326
OL22-3,2,italic('O. Lucimarinus'),Optics,2,2022-12-07T11:00:00Z,2022-12-07,11:00:00,2022-11-27,2022-11-27T11:00:00Z,554237.5,4790.64844253886,0.7600849456675352,0.004715673003795207,0.6409407494071313,0.002200294705518546,1.5177917435348685,0.0028789224238035577,1.141146502645634,0.023953793227712055,1.6908349229947361,0.019610688945897948
OL22-3,2,italic('O. Lucimarinus'),Optics,3,2022-12-07T13:00:00Z,2022-12-07,13:00:00,2022-11-27,2022-11-27T13:00:00Z,581921.6666666666,281412.7831732833,0.7480535680810547,0.0026165259193695525,0.6480440490344623,0.006780929134909745,1.5524388372245426,0.017016189649702126,1.1613663177166689,0.05038932505892397,1.672029643602085,0.02670983527205541
OL22-3,2,italic('O. Lucimarinus'),Optics,4,2022-12-07T15:00:00Z,2022-12-07,15:00:00,2022-11-27,2022-11-27T15:00:00Z,583426.6666666666,73953.15482339704,0.7566829245380681,0.0034404799111568633,0.6442003835096506,0.010621006976909993,1.5599226057845004,0.011384955194944833,1.2339401741384879,0.04159375660463357,1.7322689159311155,0.030112078486126678
OL22-3,2,italic('O. Lucimarinus'),Optics,5,2022-12-07T17:00:00Z,2022-12-07,17:00:00,2022-11-27,2022-11-27T17:00:00Z,572126.6666666666,19458.199000250082,0.7593408603985802,0.0013577872652150243,0.6381906163337839,0.004291879712336471,1.6138757180548795,0.007617837184124798,1.3443630011289343,0.012727394014880452,1.76813466387885,0.022972359672692687
OL22-3,2,italic('O. Lucimarinus'),Optics,6,2022-12-07T19:00:00Z,2022-12-07,19:00:00,2022-11-27,2022-11-27T19:00:00Z,638230,35108.072077515164,0.7658725098643981,0.006295429732092724,0.6513174082354634,0.005719462463402264,1.643561158340966,0.013031452310811424,1.342692429593723,0.020868427506297863,1.7645587596768013,0.01544492954580451
OL22-3,2,italic('O. Lucimarinus'),Optics,7,2022-12-07T21:00:00Z,2022-12-07,21:00:00,2022-11-27,2022-11-27T21:00:00Z,724293.3333333334,133346.88563417344,0.762091365954977,8.34033398971865e-4,0.6496324019496098,0.009947173724504198,1.624291368165807,0.00946435736008413,1.2468537009304503,0.05259356206031461,1.7195218905943546,0.02155077914068801
OL22-3,2,italic('O. Lucimarinus'),Optics,8,2022-12-07T23:00:00Z,2022-12-07,23:00:00,2022-11-27,2022-11-27T23:00:00Z,665348.3333333334,116601.17348609032,0.7497883686474222,0.0061029434706150925,0.6357037662113487,0.013079875956843326,1.5834618801833644,0.017386076144329094,1.171708435957833,0.02977149648547865,1.6875254412648955,0.034324027064770744
OL22-3,2,italic('O. Lucimarinus'),Optics,9,2022-12-08T01:00:00Z,2022-12-08,01:00:00,2022-11-28,2022-11-28T01:00:00Z,825988.3333333334,17294.549237645177,0.7432914937444987,0.011109324502914773,0.6489557821920247,0.014855612643832143,1.5530694437622237,0.009935515942687616,1.1932488543927693,0.033950568283514726,1.684684547569741,0.03740702684787791
OL22-3,2,italic('O. Lucimarinus'),Optics,10,2022-12-08T03:00:00Z,2022-12-08,03:00:00,2022-11-28,2022-11-28T03:00:00Z,925046.6666666666,199692.88453355903,0.7384351601697151,0.002347750192848637,0.6511667648403253,0.003900966540769388,1.5376939945620847,0.007492402902655039,1.1488286554588383,0.06547031403364266,1.682899691937248,0.06781092724454983
OL22-3,2,italic('O. Lucimarinus'),Optics,11,2022-12-08T05:00:00Z,2022-12-08,05:00:00,2022-11-28,2022-11-28T05:00:00Z,868738.3333333334,44596.693076206146,0.7342319150589381,0.007142082168696766,0.6409296424951076,0.0051066737041126605,1.525973834943217,0.007240558960411096,1.1013541091332784,0.013388157474443402,1.6571049352965863,0.039926433154747094
OL22-3,2,italic('O. Lucimarinus'),Optics,12,2022-12-08T07:00:00Z,2022-12-08,07:00:00,2022-11-28,2022-11-28T07:00:00Z,892466.6666666666,14496.774066437449,0.7428039177436302,0.0064402335010148234,0.6364528870988144,0.005159407345377671,1.509364940094816,0.011409277104219701,1.0933276596770614,0.031357131330164704,1.678152674501478,0.019881707325844822
OL22-3,2,italic('O. Lucimarinus'),Optics,13,2022-12-08T09:00:00Z,2022-12-08,09:00:00,2022-11-28,2022-11-28T09:00:00Z,1119492.5,198552.0486232766,0.7318586117359964,0.004681161863056862,0.6296356217265408,0.0026580719690772756,1.50050848761212,0.009983237969686563,1.0918308804490058,0.05792253056317348,1.680890477164656,0.02750254582403759
OL22-3,2,italic('O. Lucimarinus'),Optics,14,2022-12-08T11:00:00Z,2022-12-08,11:00:00,2022-11-28,2022-11-28T11:00:00Z,803813.3333333334,267977.72618882585,0.7311031284652806,0.006188793019772451,0.6411027166408328,0.005768660403018985,1.5115345960711357,0.015415711574487774,1.1451069358413781,0.09932019775637185,1.6922694235297886,0.029716797923662188
OL22-3,2,italic('O. Lucimarinus'),Optics,15,2022-12-08T13:00:00Z,2022-12-08,13:00:00,2022-11-28,2022-11-28T13:00:00Z,914876.6666666666,127129.30035335416,0.7304808616671873,0.006432573841154881,0.6450174517445318,0.009658702613107617,1.5423225921445287,0.012473929171904433,1.211907707093531,0.1329624931468059,1.7387447229932,0.08885203542572509
