exp,exp_no,phyto,source,tp,datetime,date,time,plot_date,plot_datetime,mean_cells,sd_cells,mean_grn,sd_grn,mean_yel,sd_yel,mean_red,sd_red,mean_fsc,sd_fsc,mean_ssc,sd_ssc,mean_abs_line_height,sd_abs_line_height,mean_chl_line_height,sd_chl_line_height,wl,mean_bbp,sd_bbp,mean_bb_b,sd_bb_b
OL22-2,1,italic('O. Lucimarinus'),Optics,1,2022-11-30T10:00:00Z,2022-11-30,10:00:00,2022-11-27,2022-11-27T10:00:00Z,521563000000,95526000000,0.7423498107546374,0.01432169977327802,0.6326509007024654,0.01086453966718612,1.4769598175172207,0.01620268739940351,1.1323930125288648,0.08527066322465039,1.674931765272667,0.10405357769654104,0.02266853285467434,7.024081113616835e-4,3.333512774487918,0.06753924147708469,470,0.0035292321052286767,4.6489950361387685e-4,0.007028731227681651,3.768991940825799e-4
OL22-2,1,italic('O. Lucimarinus'),Optics,1,2022-11-30T10:00:00Z,2022-11-30,10:00:00,2022-11-27,2022-11-27T10:00:00Z,521563000000,95526000000,0.7423498107546374,0.01432169977327802,0.6326509007024654,0.01086453966718612,1.4769598175172207,0.01620268739940351,1.1323930125288648,0.08527066322465039,1.674931765272667,0.10405357769654104,0.02266853285467434,7.024081113616835e-4,3.333512774487918,0.06753924147708469,532,0.00437250845717012,7.473403552300605e-4,0.010346802145593418,6.361203282227494e-4
OL22-2,1,italic('O. Lucimarinus'),Optics,1,2022-11-30T10:00:00Z,2022-11-30,10:00:00,2022-11-27,2022-11-27T10:00:00Z,521563000000,95526000000,0.7423498107546374,0.01432169977327802,0.6326509007024654,0.01086453966718612,1.4769598175172207,0.01620268739940351,1.1323930125288648,0.08527066322465039,1.674931765272667,0.10405357769654104,0.02266853285467434,7.024081113616835e-4,3.333512774487918,0.06753924147708469,660,0.0032486561658261145,8.291520842320885e-4,0.012094013541169223,9.185332541748105e-4
OL22-2,1,italic('O. Lucimarinus'),Optics,2,2022-11-30T11:00:00Z,2022-11-30,11:00:00,2022-11-27,2022-11-27T11:00:00Z,543880000000,44730000000,0.7258630291358927,0.00855666067785078,0.6162724508702455,0.00946229076983724,1.4729619251287165,0.00816025387999243,1.1175532498598375,0.07799534404581786,1.7033988928949069,0.03439058591720697,0.02260145919788163,9.551622069527452e-4,3.3270633844116957,0.09184251989930232,470,0.003705118229828742,2.763651449469541e-4,0.007422393785221036,3.791533022291038e-4
OL22-2,1,italic('O. Lucimarinus'),Optics,2,2022-11-30T11:00:00Z,2022-11-30,11:00:00,2022-11-27,2022-11-27T11:00:00Z,543880000000,44730000000,0.7258630291358927,0.00855666067785078,0.6162724508702455,0.00946229076983724,1.4729619251287165,0.00816025387999243,1.1175532498598375,0.07799534404581786,1.7033988928949069,0.03439058591720697,0.02260145919788163,9.551622069527452e-4,3.3270633844116957,0.09184251989930232,532,0.004185622641418407,4.0813269398753645e-4,0.00986935582697783,5.621151618587817e-4
OL22-2,1,italic('O. Lucimarinus'),Optics,2,2022-11-30T11:00:00Z,2022-11-30,11:00:00,2022-11-27,2022-11-27T11:00:00Z,543880000000,44730000000,0.7258630291358927,0.00855666067785078,0.6162724508702455,0.00946229076983724,1.4729619251287165,0.00816025387999243,1.1175532498598375,0.07799534404581786,1.7033988928949069,0.03439058591720697,0.02260145919788163,9.551622069527452e-4,3.3270633844116957,0.09184251989930232,660,0.0029990190824647905,4.4689494558307027e-4,0.010833470494125398,3.7251163011512675e-4
OL22-2,1,italic('O. Lucimarinus'),Optics,3,2022-11-30T13:00:00Z,2022-11-30,13:00:00,2022-11-27,2022-11-27T13:00:00Z,529755000000,45745000000,0.7259497583514428,0.01140195565459256,0.6214572521750773,0.00738547641630988,1.4748981440437725,0.00926678670352703,1.1855882591564968,0.15159462328696793,1.703390922927175,0.05160989363381171,0.02267961904879581,8.671309134778535e-4,3.3345787546919055,0.08337797244979352,470,0.003617700287748119,2.3668667233956735e-4,0.007010442987352968,3.10197928886009e-4
OL22-2,1,italic('O. Lucimarinus'),Optics,3,2022-11-30T13:00:00Z,2022-11-30,13:00:00,2022-11-27,2022-11-27T13:00:00Z,529755000000,45745000000,0.7259497583514428,0.01140195565459256,0.6214572521750773,0.00738547641630988,1.4748981440437725,0.00926678670352703,1.1855882591564968,0.15159462328696793,1.703390922927175,0.05160989363381171,0.02267961904879581,8.671309134778535e-4,3.3345787546919055,0.08337797244979352,532,0.00420019630597623,5.051097863553776e-5,0.009737903252543886,0.0010408511795646483
OL22-2,1,italic('O. Lucimarinus'),Optics,3,2022-11-30T13:00:00Z,2022-11-30,13:00:00,2022-11-27,2022-11-27T13:00:00Z,529755000000,45745000000,0.7259497583514428,0.01140195565459256,0.6214572521750773,0.00738547641630988,1.4748981440437725,0.00926678670352703,1.1855882591564968,0.15159462328696793,1.703390922927175,0.05160989363381171,0.02267961904879581,8.671309134778535e-4,3.3345787546919055,0.08337797244979352,660,0.002920231051332262,1.759965662487395e-4,0.01096619777774742,0.0025386553611452044
OL22-2,1,italic('O. Lucimarinus'),Optics,4,2022-11-30T15:00:00Z,2022-11-30,15:00:00,2022-11-27,2022-11-27T15:00:00Z,495857000000,52924000000,0.737705766065758,0.012910619395568231,0.6079592526770726,0.0230924110321886,1.479456516919843,0.00718119531550061,1.2480355282359454,0.06930091171545591,1.7240803644950904,0.03449882681169884,0.02302240196879749,0.00100445027957631,3.367538650845913,0.09658175765156886,470,0.00373755948977116,3.716286853201642e-4,0.006785314566624036,3.832981663650681e-4
OL22-2,1,italic('O. Lucimarinus'),Optics,4,2022-11-30T15:00:00Z,2022-11-30,15:00:00,2022-11-27,2022-11-27T15:00:00Z,495857000000,52924000000,0.737705766065758,0.012910619395568231,0.6079592526770726,0.0230924110321886,1.479456516919843,0.00718119531550061,1.2480355282359454,0.06930091171545591,1.7240803644950904,0.03449882681169884,0.02302240196879749,0.00100445027957631,3.367538650845913,0.09658175765156886,532,0.0043168251252734035,1.519616111241866e-4,0.009369269931090916,0.0010428299556561422
OL22-2,1,italic('O. Lucimarinus'),Optics,4,2022-11-30T15:00:00Z,2022-11-30,15:00:00,2022-11-27,2022-11-27T15:00:00Z,495857000000,52924000000,0.737705766065758,0.012910619395568231,0.6079592526770726,0.0230924110321886,1.479456516919843,0.00718119531550061,1.2480355282359454,0.06930091171545591,1.7240803644950904,0.03449882681169884,0.02302240196879749,0.00100445027957631,3.367538650845913,0.09658175765156886,660,0.002949784417723468,3.236052724796388e-4,0.010163118217960882,0.0013181204463596288
OL22-2,1,italic('O. Lucimarinus'),Optics,5,2022-11-30T17:00:00Z,2022-11-30,17:00:00,2022-11-27,2022-11-27T17:00:00Z,490208000000,92245000000,0.7227018660624668,0.02438882573418041,0.6136468252138296,0.01227433457333837,1.5115719004835502,0.01803493140329538,1.3305417846026748,0.06530154287092853,1.7335937788740892,0.07634503058534704,0.02434039227731382,0.00111794881392472,3.4942684882032524,0.10749507826199237,470,0.003947349014888791,4.2091983440475895e-4,0.006468366899029484,3.0439864631595046e-4
OL22-2,1,italic('O. Lucimarinus'),Optics,5,2022-11-30T17:00:00Z,2022-11-30,17:00:00,2022-11-27,2022-11-27T17:00:00Z,490208000000,92245000000,0.7227018660624668,0.02438882573418041,0.6136468252138296,0.01227433457333837,1.5115719004835502,0.01803493140329538,1.3305417846026748,0.06530154287092853,1.7335937788740892,0.07634503058534704,0.02434039227731382,0.00111794881392472,3.4942684882032524,0.10749507826199237,532,0.004592864630222062,3.73438220151031e-4,0.008922498506097994,1.8457311022565764e-4
OL22-2,1,italic('O. Lucimarinus'),Optics,5,2022-11-30T17:00:00Z,2022-11-30,17:00:00,2022-11-27,2022-11-27T17:00:00Z,490208000000,92245000000,0.7227018660624668,0.02438882573418041,0.6136468252138296,0.01227433457333837,1.5115719004835502,0.01803493140329538,1.3305417846026748,0.06530154287092853,1.7335937788740892,0.07634503058534704,0.02434039227731382,0.00111794881392472,3.4942684882032524,0.10749507826199237,660,0.003229419756342566,4.932031045251266e-4,0.00993020495897494,9.331672173022715e-4
OL22-2,1,italic('O. Lucimarinus'),Optics,6,2022-11-30T19:00:00Z,2022-11-30,19:00:00,2022-11-27,2022-11-27T19:00:00Z,485687000000,81994000000,0.727734922243412,0.01002445736087501,0.6191094800558777,0.01385295205580234,1.5578798797522635,0.01315312209570848,1.3009803471616284,0.098718780736169,1.7135675546511524,0.06222729590839544,0.02562053025685897,0.00119943717680812,3.6173586785441327,0.11533049777001236,470,0.004037140734426177,2.705544899519716e-4,0.006423499850628484,4.529502045166492e-4
OL22-2,1,italic('O. Lucimarinus'),Optics,6,2022-11-30T19:00:00Z,2022-11-30,19:00:00,2022-11-27,2022-11-27T19:00:00Z,485687000000,81994000000,0.727734922243412,0.01002445736087501,0.6191094800558777,0.01385295205580234,1.5578798797522635,0.01315312209570848,1.3009803471616284,0.098718780736169,1.7135675546511524,0.06222729590839544,0.02562053025685897,0.00119943717680812,3.6173586785441327,0.11533049777001236,532,0.004809459808066745,1.528692172411128e-4,0.009039994326447654,5.003910833068011e-4
OL22-2,1,italic('O. Lucimarinus'),Optics,6,2022-11-30T19:00:00Z,2022-11-30,19:00:00,2022-11-27,2022-11-27T19:00:00Z,485687000000,81994000000,0.727734922243412,0.01002445736087501,0.6191094800558777,0.01385295205580234,1.5578798797522635,0.01315312209570848,1.3009803471616284,0.098718780736169,1.7135675546511524,0.06222729590839544,0.02562053025685897,0.00119943717680812,3.6173586785441327,0.11533049777001236,660,0.003308470919612837,3.2037957191248485e-4,0.009910372770319639,0.0015245933986421164
OL22-2,1,italic('O. Lucimarinus'),Optics,7,2022-11-30T21:00:00Z,2022-11-30,21:00:00,2022-11-27,2022-11-27T21:00:00Z,518267000000,37396000000,0.7365021765210656,0.01016619654429002,0.6154282536381683,0.01019548983968402,1.580709966775036,0.00521921691678466,1.3377324111192592,0.08307517358747629,1.7347653807239616,0.0917083759327562,0.0272220984940474,0.00158181268187783,3.771355624427635,0.15209737325748438,470,0.004172301356111147,6.698650666014697e-4,0.006332498661779016,6.22631750126425e-4
OL22-2,1,italic('O. Lucimarinus'),Optics,7,2022-11-30T21:00:00Z,2022-11-30,21:00:00,2022-11-27,2022-11-27T21:00:00Z,518267000000,37396000000,0.7365021765210656,0.01016619654429002,0.6154282536381683,0.01019548983968402,1.580709966775036,0.00521921691678466,1.3377324111192592,0.08307517358747629,1.7347653807239616,0.0917083759327562,0.0272220984940474,0.00158181268187783,3.771355624427635,0.15209737325748438,532,0.004933295818973832,1.9750023684799424e-4,0.008906916573592554,6.593313603248555e-4
OL22-2,1,italic('O. Lucimarinus'),Optics,7,2022-11-30T21:00:00Z,2022-11-30,21:00:00,2022-11-27,2022-11-27T21:00:00Z,518267000000,37396000000,0.7365021765210656,0.01016619654429002,0.6154282536381683,0.01019548983968402,1.580709966775036,0.00521921691678466,1.3377324111192592,0.08307517358747629,1.7347653807239616,0.0917083759327562,0.0272220984940474,0.00158181268187783,3.771355624427635,0.15209737325748438,660,0.0032667384728492033,2.0403762727769234e-4,0.00937493542344613,7.126653644876779e-4
OL22-2,1,italic('O. Lucimarinus'),Optics,8,2022-11-30T23:00:00Z,2022-11-30,23:00:00,2022-11-27,2022-11-27T23:00:00Z,562335000000,69561000000,0.7199985437309135,0.01379915159943002,0.6216215242258711,0.01358274852932845,1.558773875006209,0.00605286598736152,1.279788690482372,0.06863630504209495,1.7214155591400693,0.06732112830659988,0.02751613038059894,0.00201101339528579,3.7996279212114374,0.1933666726236333,470,0.004496252861265132,3.1668245368371575e-4,0.006947086841176322,0.0010701211978503236
OL22-2,1,italic('O. Lucimarinus'),Optics,8,2022-11-30T23:00:00Z,2022-11-30,23:00:00,2022-11-27,2022-11-27T23:00:00Z,562335000000,69561000000,0.7199985437309135,0.01379915159943002,0.6216215242258711,0.01358274852932845,1.558773875006209,0.00605286598736152,1.279788690482372,0.06863630504209495,1.7214155591400693,0.06732112830659988,0.02751613038059894,0.00201101339528579,3.7996279212114374,0.1933666726236333,532,0.0051990191982446594,5.465517943340715e-5,0.00944746895281835,9.02784501299759e-4
OL22-2,1,italic('O. Lucimarinus'),Optics,8,2022-11-30T23:00:00Z,2022-11-30,23:00:00,2022-11-27,2022-11-27T23:00:00Z,562335000000,69561000000,0.7199985437309135,0.01379915159943002,0.6216215242258711,0.01358274852932845,1.558773875006209,0.00605286598736152,1.279788690482372,0.06863630504209495,1.7214155591400693,0.06732112830659988,0.02751613038059894,0.00201101339528579,3.7996279212114374,0.1933666726236333,660,0.00358081648251645,1.395767710186233e-4,0.010213551751561436,0.0010880892461058375
OL22-2,1,italic('O. Lucimarinus'),Optics,9,2022-12-01T01:00:00Z,2022-12-01,01:00:00,2022-11-28,2022-11-28T01:00:00Z,610358000000,170165000000,0.7344182765555667,0.01148614674611971,0.6202993616631619,0.00885683788506492,1.5387546678703474,0.00681527402877638,1.184670609099436,0.10663490455874708,1.6429701431153,0.10989551432102188,0.02676797463705689,0.00226006671464937,3.7276898689477784,0.21731410717782404,470,0.0050492173078766096,NA,0.006865859746981897,NA
OL22-2,1,italic('O. Lucimarinus'),Optics,9,2022-12-01T01:00:00Z,2022-12-01,01:00:00,2022-11-28,2022-11-28T01:00:00Z,610358000000,170165000000,0.7344182765555667,0.01148614674611971,0.6202993616631619,0.00885683788506492,1.5387546678703474,0.00681527402877638,1.184670609099436,0.10663490455874708,1.6429701431153,0.10989551432102188,0.02676797463705689,0.00226006671464937,3.7276898689477784,0.21731410717782404,532,0.0054780057660402375,NA,0.008758817895781717,NA
OL22-2,1,italic('O. Lucimarinus'),Optics,9,2022-12-01T01:00:00Z,2022-12-01,01:00:00,2022-11-28,2022-11-28T01:00:00Z,610358000000,170165000000,0.7344182765555667,0.01148614674611971,0.6202993616631619,0.00885683788506492,1.5387546678703474,0.00681527402877638,1.184670609099436,0.10663490455874708,1.6429701431153,0.10989551432102188,0.02676797463705689,0.00226006671464937,3.7276898689477784,0.21731410717782404,660,0.0037052971047597592,NA,0.009109604208495796,NA
OL22-2,1,italic('O. Lucimarinus'),Optics,10,2022-12-01T07:00:00Z,2022-12-01,07:00:00,2022-11-28,2022-11-28T07:00:00Z,659510000000,75583000000,0.7164865191605856,0.0148565348110977,0.6262071469660525,0.00845834001813728,1.4878780108779086,0.01073723494160218,1.0614858553008473,0.13592051240724037,1.6894592672166242,0.04313363563837891,0.027702962550363,9.473930213889414e-4,3.81759255291952,0.09109548282585972,470,0.004317599569036426,9.828575099619745e-4,0.0070036785607272695,0.0010250223119306514
OL22-2,1,italic('O. Lucimarinus'),Optics,10,2022-12-01T07:00:00Z,2022-12-01,07:00:00,2022-11-28,2022-11-28T07:00:00Z,659510000000,75583000000,0.7164865191605856,0.0148565348110977,0.6262071469660525,0.00845834001813728,1.4878780108779086,0.01073723494160218,1.0614858553008473,0.13592051240724037,1.6894592672166242,0.04313363563837891,0.027702962550363,9.473930213889414e-4,3.81759255291952,0.09109548282585972,532,0.005052751400103724,5.729478953477884e-4,0.009816413184761653,3.2599190922547695e-4
OL22-2,1,italic('O. Lucimarinus'),Optics,10,2022-12-01T07:00:00Z,2022-12-01,07:00:00,2022-11-28,2022-11-28T07:00:00Z,659510000000,75583000000,0.7164865191605856,0.0148565348110977,0.6262071469660525,0.00845834001813728,1.4878780108779086,0.01073723494160218,1.0614858553008473,0.13592051240724037,1.6894592672166242,0.04313363563837891,0.027702962550363,9.473930213889414e-4,3.81759255291952,0.09109548282585972,660,0.0035153287088118506,5.48408354701015e-4,0.010797355923596276,3.9640538789750287e-4
OL22-2,1,italic('O. Lucimarinus'),Optics,11,2022-12-01T09:00:00Z,2022-12-01,09:00:00,2022-11-28,2022-11-28T09:00:00Z,672480000000,98731000000,0.7199737225186628,0.01266226818242602,0.610493542287847,0.01221197805935092,1.4779164265880602,0.01092301618521914,1.1616459101235517,0.12505788667995096,1.6791974688395848,0.16931586370912466,0.02823793013119269,0.00148705523754122,3.8690317433839128,0.14298608053281048,470,0.004565944329678988,4.7293389313489e-4,0.00798039814555495,0.001909012040660653
OL22-2,1,italic('O. Lucimarinus'),Optics,11,2022-12-01T09:00:00Z,2022-12-01,09:00:00,2022-11-28,2022-11-28T09:00:00Z,672480000000,98731000000,0.7199737225186628,0.01266226818242602,0.610493542287847,0.01221197805935092,1.4779164265880602,0.01092301618521914,1.1616459101235517,0.12505788667995096,1.6791974688395848,0.16931586370912466,0.02823793013119269,0.00148705523754122,3.8690317433839128,0.14298608053281048,532,0.005179972575254759,4.270229231876273e-4,0.010929469853840326,0.0024527436879924662
OL22-2,1,italic('O. Lucimarinus'),Optics,11,2022-12-01T09:00:00Z,2022-12-01,09:00:00,2022-11-28,2022-11-28T09:00:00Z,672480000000,98731000000,0.7199737225186628,0.01266226818242602,0.610493542287847,0.01221197805935092,1.4779164265880602,0.01092301618521914,1.1616459101235517,0.12505788667995096,1.6791974688395848,0.16931586370912466,0.02823793013119269,0.00148705523754122,3.8690317433839128,0.14298608053281048,660,0.0036350605907198414,4.742475836819065e-4,0.01374299923735987,0.006357045071708005
OL22-2,1,italic('O. Lucimarinus'),Optics,12,2022-12-01T11:00:00Z,2022-12-01,11:00:00,2022-11-28,2022-11-28T11:00:00Z,681168000000,97686000000,0.7149805534335626,0.00752404076256777,0.6202030348607503,0.00994180072196806,1.486367177867872,0.00775931762776773,1.0904227464486351,0.16230826654682728,1.630942912028055,0.12261591708186756,0.03050425851714897,NA,4.086947934341248,NA,470,0.004423180671268718,NA,0.006965071475279664,NA
OL22-2,1,italic('O. Lucimarinus'),Optics,12,2022-12-01T11:00:00Z,2022-12-01,11:00:00,2022-11-28,2022-11-28T11:00:00Z,681168000000,97686000000,0.7149805534335626,0.00752404076256777,0.6202030348607503,0.00994180072196806,1.486367177867872,0.00775931762776773,1.0904227464486351,0.16230826654682728,1.630942912028055,0.12261591708186756,0.03050425851714897,NA,4.086947934341248,NA,532,0.005212170837991418,NA,0.009770747943808677,NA
OL22-2,1,italic('O. Lucimarinus'),Optics,12,2022-12-01T11:00:00Z,2022-12-01,11:00:00,2022-11-28,2022-11-28T11:00:00Z,681168000000,97686000000,0.7149805534335626,0.00752404076256777,0.6202030348607503,0.00994180072196806,1.486367177867872,0.00775931762776773,1.0904227464486351,0.16230826654682728,1.630942912028055,0.12261591708186756,0.03050425851714897,NA,4.086947934341248,NA,660,0.003508773955371925,NA,0.010480416195535688,NA
OL22-3,2,italic('O. Lucimarinus'),Optics,1,2022-12-07T10:00:00Z,2022-12-07,10:00:00,2022-11-27,2022-11-27T10:00:00Z,622868000000,59629000000,0.7297384069429108,0.00944703995018345,0.6167923831194685,0.01442977472150731,1.51297214777373,0.00841093185864946,0.9950685173858442,0.23304314440286863,1.6037616638941026,0.06065621465425646,0.02702764633158081,4.2136793991169185e-4,3.75265830111354,0.04051614806843173,470,0.002760598404929422,2.876048022320376e-4,0.006957403196245555,4.478742933344193e-4
OL22-3,2,italic('O. Lucimarinus'),Optics,1,2022-12-07T10:00:00Z,2022-12-07,10:00:00,2022-11-27,2022-11-27T10:00:00Z,622868000000,59629000000,0.7297384069429108,0.00944703995018345,0.6167923831194685,0.01442977472150731,1.51297214777373,0.00841093185864946,0.9950685173858442,0.23304314440286863,1.6037616638941026,0.06065621465425646,0.02702764633158081,4.2136793991169185e-4,3.75265830111354,0.04051614806843173,532,0.0032212942774658047,1.868759798489257e-4,0.009514192107751519,1.7702143406449314e-4
OL22-3,2,italic('O. Lucimarinus'),Optics,1,2022-12-07T10:00:00Z,2022-12-07,10:00:00,2022-11-27,2022-11-27T10:00:00Z,622868000000,59629000000,0.7297384069429108,0.00944703995018345,0.6167923831194685,0.01442977472150731,1.51297214777373,0.00841093185864946,0.9950685173858442,0.23304314440286863,1.6037616638941026,0.06065621465425646,0.02702764633158081,4.2136793991169185e-4,3.75265830111354,0.04051614806843173,660,0.0023912098564984234,1.544938751328889e-4,0.011696767721658034,5.413246432661552e-4
OL22-3,2,italic('O. Lucimarinus'),Optics,2,2022-12-07T11:00:00Z,2022-12-07,11:00:00,2022-11-27,2022-11-27T11:00:00Z,598117000000,47421000000,0.7361439283028701,0.00945002624361391,0.6209900007484224,0.01500166102964517,1.51950352385127,0.00725736976936922,1.0321579541655856,0.19470034761011504,1.6369876724692225,0.08989145875165386,0.02807378220109825,4.0783637876180134e-4,3.85324828856714,0.03921503641940389,470,0.0027614041799135423,4.345089663744908e-4,0.006773811397357308,4.903667891810931e-4
OL22-3,2,italic('O. Lucimarinus'),Optics,2,2022-12-07T11:00:00Z,2022-12-07,11:00:00,2022-11-27,2022-11-27T11:00:00Z,598117000000,47421000000,0.7361439283028701,0.00945002624361391,0.6209900007484224,0.01500166102964517,1.51950352385127,0.00725736976936922,1.0321579541655856,0.19470034761011504,1.6369876724692225,0.08989145875165386,0.02807378220109825,4.0783637876180134e-4,3.85324828856714,0.03921503641940389,532,0.003321902246304525,2.3359145744041696e-4,0.00963009273062179,2.802712036899048e-4
OL22-3,2,italic('O. Lucimarinus'),Optics,2,2022-12-07T11:00:00Z,2022-12-07,11:00:00,2022-11-27,2022-11-27T11:00:00Z,598117000000,47421000000,0.7361439283028701,0.00945002624361391,0.6209900007484224,0.01500166102964517,1.51950352385127,0.00725736976936922,1.0321579541655856,0.19470034761011504,1.6369876724692225,0.08989145875165386,0.02807378220109825,4.0783637876180134e-4,3.85324828856714,0.03921503641940389,660,0.002320179299647389,1.7367787778359783e-4,0.011366592839010885,8.219429779319201e-4
OL22-3,2,italic('O. Lucimarinus'),Optics,3,2022-12-07T14:00:00Z,2022-12-07,14:00:00,2022-11-27,2022-11-27T14:00:00Z,632392000000,27830000000,0.7295423804880157,0.00546084588124868,0.6256718454346242,0.0141731185162565,1.5437979136542108,0.00554063252489028,1.049181387867543,0.29817768534839806,1.566334774436935,0.2115219410213928,0.03027648753079213,2.2653820941291169e-4,4.065046877960782,0.02178252013585707,470,0.003073834382128008,2.870715643812351e-4,0.006503923142166054,1.555308348725654e-4
OL22-3,2,italic('O. Lucimarinus'),Optics,3,2022-12-07T14:00:00Z,2022-12-07,14:00:00,2022-11-27,2022-11-27T14:00:00Z,632392000000,27830000000,0.7295423804880157,0.00546084588124868,0.6256718454346242,0.0141731185162565,1.5437979136542108,0.00554063252489028,1.049181387867543,0.29817768534839806,1.566334774436935,0.2115219410213928,0.03027648753079213,2.2653820941291169e-4,4.065046877960782,0.02178252013585707,532,0.003719184192407885,2.075250891256166e-4,0.009279633006368127,0.0010297998729319247
OL22-3,2,italic('O. Lucimarinus'),Optics,3,2022-12-07T14:00:00Z,2022-12-07,14:00:00,2022-11-27,2022-11-27T14:00:00Z,632392000000,27830000000,0.7295423804880157,0.00546084588124868,0.6256718454346242,0.0141731185162565,1.5437979136542108,0.00554063252489028,1.049181387867543,0.29817768534839806,1.566334774436935,0.2115219410213928,0.03027648753079213,2.2653820941291169e-4,4.065046877960782,0.02178252013585707,660,0.0025498135085589924,2.7367453198673495e-4,0.010516123658425613,0.001256983257228271
OL22-3,2,italic('O. Lucimarinus'),Optics,4,2022-12-07T16:00:00Z,2022-12-07,16:00:00,2022-11-27,2022-11-27T16:00:00Z,632392000000,112819000000,0.7414427766917595,0.00788565561347329,0.6242671514141724,0.01543612275012571,1.5619207317377757,0.01155884922449973,1.2211534824339132,0.08097090444293138,1.723704186426296,0.05370025737284271,0.03313479087897209,4.207742343583403e-4,4.339883738362701,0.04045906099599421,470,0.0032252193624876255,2.764524223105226e-4,0.005896036605532638,4.547576603769231e-4
OL22-3,2,italic('O. Lucimarinus'),Optics,4,2022-12-07T16:00:00Z,2022-12-07,16:00:00,2022-11-27,2022-11-27T16:00:00Z,632392000000,112819000000,0.7414427766917595,0.00788565561347329,0.6242671514141724,0.01543612275012571,1.5619207317377757,0.01155884922449973,1.2211534824339132,0.08097090444293138,1.723704186426296,0.05370025737284271,0.03313479087897209,4.207742343583403e-4,4.339883738362701,0.04045906099599421,532,0.003973846816064575,3.599853683651379e-4,0.008479017961600714,3.077436664360197e-4
OL22-3,2,italic('O. Lucimarinus'),Optics,4,2022-12-07T16:00:00Z,2022-12-07,16:00:00,2022-11-27,2022-11-27T16:00:00Z,632392000000,112819000000,0.7414427766917595,0.00788565561347329,0.6242671514141724,0.01543612275012571,1.5619207317377757,0.01155884922449973,1.2211534824339132,0.08097090444293138,1.723704186426296,0.05370025737284271,0.03313479087897209,4.207742343583403e-4,4.339883738362701,0.04045906099599421,660,0.002672610933665955,5.117121649868998e-4,0.00934251372172059,0.0011190589016959595
OL22-3,2,italic('O. Lucimarinus'),Optics,5,2022-12-07T18:00:00Z,2022-12-07,18:00:00,2022-11-27,2022-11-27T18:00:00Z,622788000000,19588000000,0.7355502185027966,0.0038473803328477,0.6116859439522009,0.01010554836490754,1.6184944309385487,0.00786820308588126,1.3441727307042672,0.03237962384192427,1.7431534828006008,0.02053487073817031,0.03680182018790562,3.8649248790549335e-4,4.692482710375541,0.03716273922168188,470,0.004101784855652689,2.2228687232658364e-4,0.006365082955734586,4.854483734006633e-4
OL22-3,2,italic('O. Lucimarinus'),Optics,5,2022-12-07T18:00:00Z,2022-12-07,18:00:00,2022-11-27,2022-11-27T18:00:00Z,622788000000,19588000000,0.7355502185027966,0.0038473803328477,0.6116859439522009,0.01010554836490754,1.6184944309385487,0.00786820308588126,1.3441727307042672,0.03237962384192427,1.7431534828006008,0.02053487073817031,0.03680182018790562,3.8649248790549335e-4,4.692482710375541,0.03716273922168188,532,0.004906470012884135,4.026993016906729e-4,0.008767483683128081,9.461808099805165e-4
OL22-3,2,italic('O. Lucimarinus'),Optics,5,2022-12-07T18:00:00Z,2022-12-07,18:00:00,2022-11-27,2022-11-27T18:00:00Z,622788000000,19588000000,0.7355502185027966,0.0038473803328477,0.6116859439522009,0.01010554836490754,1.6184944309385487,0.00786820308588126,1.3441727307042672,0.03237962384192427,1.7431534828006008,0.02053487073817031,0.03680182018790562,3.8649248790549335e-4,4.692482710375541,0.03716273922168188,660,0.0034609199560253993,3.8081772749537734e-4,0.009669745771824162,0.0011853909125643656
OL22-3,2,italic('O. Lucimarinus'),Optics,6,2022-12-07T20:00:00Z,2022-12-07,20:00:00,2022-11-27,2022-11-27T20:00:00Z,675895000000,47665000000,0.7441715793539401,0.00700275317950348,0.6265161179188663,0.00953151265393178,1.6505313766363283,0.01423204399730594,1.347374948523765,0.04126590942950504,1.7600943610376023,0.02338137873344956,0.04074801432850263,9.141814709840478e-4,5.071924454663716,0.08790206451769716,470,0.0033348520911902473,1.7026484215681777e-4,0.005183881991251308,9.745479461834997e-5
OL22-3,2,italic('O. Lucimarinus'),Optics,6,2022-12-07T20:00:00Z,2022-12-07,20:00:00,2022-11-27,2022-11-27T20:00:00Z,675895000000,47665000000,0.7441715793539401,0.00700275317950348,0.6265161179188663,0.00953151265393178,1.6505313766363283,0.01423204399730594,1.347374948523765,0.04126590942950504,1.7600943610376023,0.02338137873344956,0.04074801432850263,9.141814709840478e-4,5.071924454663716,0.08790206451769716,532,0.004337947227164282,1.7536511012981447e-4,0.007895727587554083,2.5038426308852707e-4
OL22-3,2,italic('O. Lucimarinus'),Optics,6,2022-12-07T20:00:00Z,2022-12-07,20:00:00,2022-11-27,2022-11-27T20:00:00Z,675895000000,47665000000,0.7441715793539401,0.00700275317950348,0.6265161179188663,0.00953151265393178,1.6505313766363283,0.01423204399730594,1.347374948523765,0.04126590942950504,1.7600943610376023,0.02338137873344956,0.04074801432850263,9.141814709840478e-4,5.071924454663716,0.08790206451769716,660,0.0028104567371962023,2.3210645683303341e-4,0.008706570008226127,6.077213368237773e-5
OL22-3,2,italic('O. Lucimarinus'),Optics,7,2022-12-07T22:00:00Z,2022-12-07,22:00:00,2022-11-27,2022-11-27T22:00:00Z,774763000000,130269000000,0.7425092904680037,0.00536780150581004,0.6273957922278494,0.01729195160801909,1.6250387304732106,0.01165610385620414,1.2127057625534392,0.157348745471226,1.6884245777220213,0.11013848191034084,0.04327828377265064,0.00100626564502571,5.315219593524101,0.09675631202170316,470,0.0039136359831908945,4.436647631798786e-4,0.005727285324931282,6.216904414084535e-4
OL22-3,2,italic('O. Lucimarinus'),Optics,7,2022-12-07T22:00:00Z,2022-12-07,22:00:00,2022-11-27,2022-11-27T22:00:00Z,774763000000,130269000000,0.7425092904680037,0.00536780150581004,0.6273957922278494,0.01729195160801909,1.6250387304732106,0.01165610385620414,1.2127057625534392,0.157348745471226,1.6884245777220213,0.11013848191034084,0.04327828377265064,0.00100626564502571,5.315219593524101,0.09675631202170316,532,0.004807831130622172,1.6328389434313505e-4,0.00819139273038472,1.9574495486062734e-4
OL22-3,2,italic('O. Lucimarinus'),Optics,7,2022-12-07T22:00:00Z,2022-12-07,22:00:00,2022-11-27,2022-11-27T22:00:00Z,774763000000,130269000000,0.7425092904680037,0.00536780150581004,0.6273957922278494,0.01729195160801909,1.6250387304732106,0.01165610385620414,1.2127057625534392,0.157348745471226,1.6884245777220213,0.11013848191034084,0.04327828377265064,0.00100626564502571,5.315219593524101,0.09675631202170316,660,0.0032047106738762733,2.2972507782342757e-4,0.009048582582807529,2.3047459802967636e-4
OL22-3,2,italic('O. Lucimarinus'),Optics,8,2022-12-08T00:00:00Z,2022-12-08,00:00:00,2022-11-28,2022-11-28T00:00:00Z,837100000000,26001000000,0.7297999096340175,0.01160554822541333,0.610436795604478,0.01251762418988526,1.58097653834361,0.01053235405549592,1.1008123752545953,0.16873883485995445,1.6182225777124246,0.1461604433212964,0.04232193524597371,6.748379155379621e-4,5.2232630044205495,0.06488826110941921,470,0.00395588795145107,3.7219447892095954e-4,0.006097727016134237,1.449757270488827e-4
OL22-3,2,italic('O. Lucimarinus'),Optics,8,2022-12-08T00:00:00Z,2022-12-08,00:00:00,2022-11-28,2022-11-28T00:00:00Z,837100000000,26001000000,0.7297999096340175,0.01160554822541333,0.610436795604478,0.01251762418988526,1.58097653834361,0.01053235405549592,1.1008123752545953,0.16873883485995445,1.6182225777124246,0.1461604433212964,0.04232193524597371,6.748379155379621e-4,5.2232630044205495,0.06488826110941921,532,0.004813145740528416,4.8415856132971355e-4,0.008638696658556001,1.967748326271268e-4
OL22-3,2,italic('O. Lucimarinus'),Optics,8,2022-12-08T00:00:00Z,2022-12-08,00:00:00,2022-11-28,2022-11-28T00:00:00Z,837100000000,26001000000,0.7297999096340175,0.01160554822541333,0.610436795604478,0.01251762418988526,1.58097653834361,0.01053235405549592,1.1008123752545953,0.16873883485995445,1.6182225777124246,0.1461604433212964,0.04232193524597371,6.748379155379621e-4,5.2232630044205495,0.06488826110941921,660,0.003239640555331939,4.3503133154636274e-4,0.009574545882277442,1.6317255965882097e-4
OL22-3,2,italic('O. Lucimarinus'),Optics,9,2022-12-08T02:00:00Z,2022-12-08,02:00:00,2022-11-28,2022-11-28T02:00:00Z,908287000000,10061000000,0.7224665648466863,0.01323003623734879,0.6239375525137181,0.01467249877958706,1.554901267024038,0.00799959335593101,1.1910974748868202,0.09199049327858486,1.6636349026068429,0.06362705581609594,0.04278724320969004,6.927283475385871e-4,5.268004154777889,0.06660849495563355,470,0.0036876474474528613,2.220654281929577e-4,0.006053252962330619,4.69617599531829e-4
OL22-3,2,italic('O. Lucimarinus'),Optics,9,2022-12-08T02:00:00Z,2022-12-08,02:00:00,2022-11-28,2022-11-28T02:00:00Z,908287000000,10061000000,0.7224665648466863,0.01323003623734879,0.6239375525137181,0.01467249877958706,1.554901267024038,0.00799959335593101,1.1910974748868202,0.09199049327858486,1.6636349026068429,0.06362705581609594,0.04278724320969004,6.927283475385871e-4,5.268004154777889,0.06660849495563355,532,0.004508376974529479,1.75318324319611e-4,0.008688606556682962,1.1952607599957444e-4
OL22-3,2,italic('O. Lucimarinus'),Optics,9,2022-12-08T02:00:00Z,2022-12-08,02:00:00,2022-11-28,2022-11-28T02:00:00Z,908287000000,10061000000,0.7224665648466863,0.01323003623734879,0.6239375525137181,0.01467249877958706,1.554901267024038,0.00799959335593101,1.1910974748868202,0.09199049327858486,1.6636349026068429,0.06362705581609594,0.04278724320969004,6.927283475385871e-4,5.268004154777889,0.06660849495563355,660,0.0030523285797815153,8.947628084529131e-5,0.010064006369501301,3.091970638234253e-4
OL22-3,2,italic('O. Lucimarinus'),Optics,10,2022-12-08T04:00:00Z,2022-12-08,04:00:00,2022-11-28,2022-11-28T04:00:00Z,986818000000,43252000000,0.7121530403113623,0.01162073437458488,0.6214277451502461,0.00971322663078721,1.534367206480726,0.00636809504261418,1.0728003322565742,0.14002446627851592,1.613904406677216,0.1412147346862952,0.04462490133424617,0.0010335561387859,5.444702051369824,0.09938039796018304,470,0.0038966111858591674,1.5195551047193193e-4,0.006156438976513213,4.355440080174553e-4
OL22-3,2,italic('O. Lucimarinus'),Optics,10,2022-12-08T04:00:00Z,2022-12-08,04:00:00,2022-11-28,2022-11-28T04:00:00Z,986818000000,43252000000,0.7121530403113623,0.01162073437458488,0.6214277451502461,0.00971322663078721,1.534367206480726,0.00636809504261418,1.0728003322565742,0.14002446627851592,1.613904406677216,0.1412147346862952,0.04462490133424617,0.0010335561387859,5.444702051369824,0.09938039796018304,532,0.004840670159993251,2.0422284197082533e-4,0.008946653423525063,3.584244157423185e-4
OL22-3,2,italic('O. Lucimarinus'),Optics,10,2022-12-08T04:00:00Z,2022-12-08,04:00:00,2022-11-28,2022-11-28T04:00:00Z,986818000000,43252000000,0.7121530403113623,0.01162073437458488,0.6214277451502461,0.00971322663078721,1.534367206480726,0.00636809504261418,1.0728003322565742,0.14002446627851592,1.613904406677216,0.1412147346862952,0.04462490133424617,0.0010335561387859,5.444702051369824,0.09938039796018304,660,0.0033032078802808736,1.9460938543418304e-4,0.010225098279060067,4.081898819782911e-4
OL22-3,2,italic('O. Lucimarinus'),Optics,11,2022-12-08T05:00:00Z,2022-12-08,05:00:00,2022-11-28,2022-11-28T05:00:00Z,972882000000,100849000000,0.7090201746161081,0.01193108632739109,0.6144018187998304,0.00644541215485294,1.520461424394426,0.00732048014530963,1.02178470085724,0.1802111516791476,1.591557340835154,0.13677481123138174,0.04253479154291882,5.211354103214383e-4,5.2437299560498865,0.05010917406936916,470,0.0039831612175358615,2.360419871454135e-4,0.006567110456417501,4.568154533614443e-4
OL22-3,2,italic('O. Lucimarinus'),Optics,11,2022-12-08T05:00:00Z,2022-12-08,05:00:00,2022-11-28,2022-11-28T05:00:00Z,972882000000,100849000000,0.7090201746161081,0.01193108632739109,0.6144018187998304,0.00644541215485294,1.520461424394426,0.00732048014530963,1.02178470085724,0.1802111516791476,1.591557340835154,0.13677481123138174,0.04253479154291882,5.211354103214383e-4,5.2437299560498865,0.05010917406936916,532,0.004803535303856038,3.572488616144717e-4,0.009225177730092538,6.144103568690729e-4
OL22-3,2,italic('O. Lucimarinus'),Optics,11,2022-12-08T05:00:00Z,2022-12-08,05:00:00,2022-11-28,2022-11-28T05:00:00Z,972882000000,100849000000,0.7090201746161081,0.01193108632739109,0.6144018187998304,0.00644541215485294,1.520461424394426,0.00732048014530963,1.02178470085724,0.1802111516791476,1.591557340835154,0.13677481123138174,0.04253479154291882,5.211354103214383e-4,5.2437299560498865,0.05010917406936916,660,0.0033669927608912112,2.447653669511879e-4,0.010647797873468272,0.0012417491971861779
OL22-3,2,italic('O. Lucimarinus'),Optics,12,2022-12-08T07:00:00Z,2022-12-08,07:00:00,2022-11-28,2022-11-28T07:00:00Z,1048400000000,49743000000,0.7186864621928244,0.00890098757360147,0.6100769752205617,0.00881878246309937,1.5051608394593192,0.01140532280865109,1.0022079199537035,0.1289023041751706,1.631620020501249,0.06499153040157972,0.04350341577298181,4.942624000786139e-4,5.336866901248251,0.04752523077678954,470,0.003642405305455486,2.89065196091205e-4,0.006228058512615465,3.520630063532552e-4
OL22-3,2,italic('O. Lucimarinus'),Optics,12,2022-12-08T07:00:00Z,2022-12-08,07:00:00,2022-11-28,2022-11-28T07:00:00Z,1048400000000,49743000000,0.7186864621928244,0.00890098757360147,0.6100769752205617,0.00881878246309937,1.5051608394593192,0.01140532280865109,1.0022079199537035,0.1289023041751706,1.631620020501249,0.06499153040157972,0.04350341577298181,4.942624000786139e-4,5.336866901248251,0.04752523077678954,532,0.004564318468856783,1.147953515461473e-4,0.00921014401105816,1.1198495822312741e-4
OL22-3,2,italic('O. Lucimarinus'),Optics,12,2022-12-08T07:00:00Z,2022-12-08,07:00:00,2022-11-28,2022-11-28T07:00:00Z,1048400000000,49743000000,0.7186864621928244,0.00890098757360147,0.6100769752205617,0.00881878246309937,1.5051608394593192,0.01140532280865109,1.0022079199537035,0.1289023041751706,1.631620020501249,0.06499153040157972,0.04350341577298181,4.942624000786139e-4,5.336866901248251,0.04752523077678954,660,0.0031372591941898446,3.0070536864537347e-4,0.01087541428149235,9.451645105325039e-4
OL22-3,2,italic('O. Lucimarinus'),Optics,13,2022-12-08T09:00:00Z,2022-12-08,09:00:00,2022-11-28,2022-11-28T09:00:00Z,957627000000,393242000000,0.7090667470950353,0.01261218874652307,0.6037839268359535,0.01054892249083844,1.5004268285546996,0.00801938919432519,1.0868751021393888,0.0605581118782749,1.6680270444062746,0.04319566187936403,0.04455901256005941,8.473782642291983e-4,5.438366592313405,0.0814786792528074,470,0.0037758303336659477,1.8369441194098656e-4,0.006393230904302918,3.793422279816152e-4
OL22-3,2,italic('O. Lucimarinus'),Optics,13,2022-12-08T09:00:00Z,2022-12-08,09:00:00,2022-11-28,2022-11-28T09:00:00Z,957627000000,393242000000,0.7090667470950353,0.01261218874652307,0.6037839268359535,0.01054892249083844,1.5004268285546996,0.00801938919432519,1.0868751021393888,0.0605581118782749,1.6680270444062746,0.04319566187936403,0.04455901256005941,8.473782642291983e-4,5.438366592313405,0.0814786792528074,532,0.004636487040988372,1.6308094542416784e-4,0.009253581915903171,3.4727145442070475e-4
OL22-3,2,italic('O. Lucimarinus'),Optics,13,2022-12-08T09:00:00Z,2022-12-08,09:00:00,2022-11-28,2022-11-28T09:00:00Z,957627000000,393242000000,0.7090667470950353,0.01261218874652307,0.6037839268359535,0.01054892249083844,1.5004268285546996,0.00801938919432519,1.0868751021393888,0.0605581118782749,1.6680270444062746,0.04319566187936403,0.04455901256005941,8.473782642291983e-4,5.438366592313405,0.0814786792528074,660,0.003180230669887114,2.111773713160869e-4,0.010963176538353178,7.139822269413845e-4
OL22-3,2,italic('O. Lucimarinus'),Optics,14,2022-12-08T11:00:00Z,2022-12-08,11:00:00,2022-11-28,2022-11-28T11:00:00Z,993597000000,179260000000,0.7103266779986874,0.01596082606171837,0.6156962131966734,0.01102668847728336,1.5084195680370436,0.00863684648950069,1.078591284430386,0.21130100470402852,1.6578129094025449,0.07832360964565299,0.04566600200660731,8.338363367486752e-4,5.5448078852507034,0.08017657084121872,470,0.0037182456632428233,2.659203651069504e-4,0.0061333968836088685,5.100702244735408e-4
OL22-3,2,italic('O. Lucimarinus'),Optics,14,2022-12-08T11:00:00Z,2022-12-08,11:00:00,2022-11-28,2022-11-28T11:00:00Z,993597000000,179260000000,0.7103266779986874,0.01596082606171837,0.6156962131966734,0.01102668847728336,1.5084195680370436,0.00863684648950069,1.078591284430386,0.21130100470402852,1.6578129094025449,0.07832360964565299,0.04566600200660731,8.338363367486752e-4,5.5448078852507034,0.08017657084121872,532,0.004824131935645319,1.990305061935163e-4,0.009403193519737453,3.757658799320301e-4
OL22-3,2,italic('O. Lucimarinus'),Optics,14,2022-12-08T11:00:00Z,2022-12-08,11:00:00,2022-11-28,2022-11-28T11:00:00Z,993597000000,179260000000,0.7103266779986874,0.01596082606171837,0.6156962131966734,0.01102668847728336,1.5084195680370436,0.00863684648950069,1.078591284430386,0.21130100470402852,1.6578129094025449,0.07832360964565299,0.04566600200660731,8.338363367486752e-4,5.5448078852507034,0.08017657084121872,660,0.003180645071148986,2.474601735467133e-4,0.010803659484690916,9.349058308480374e-4
OL22-3,2,italic('O. Lucimarinus'),Optics,15,2022-12-08T14:00:00Z,2022-12-08,14:00:00,2022-11-28,2022-11-28T14:00:00Z,1055555000000,37074000000,0.7067384381615038,0.01316611652052817,0.620175165676083,0.00860853368940879,1.5402849347491343,0.0096687263475845,1.171942620302419,0.14868672198376898,1.6970440505818796,0.06324017981740314,0.04873060628522958,0.00104596874324619,5.839481373579768,0.10057391761982624,470,0.004018932810065693,1.350758225594791e-4,0.005916087452975219,3.273165612608649e-4
OL22-3,2,italic('O. Lucimarinus'),Optics,15,2022-12-08T14:00:00Z,2022-12-08,14:00:00,2022-11-28,2022-11-28T14:00:00Z,1055555000000,37074000000,0.7067384381615038,0.01316611652052817,0.620175165676083,0.00860853368940879,1.5402849347491343,0.0096687263475845,1.171942620302419,0.14868672198376898,1.6970440505818796,0.06324017981740314,0.04873060628522958,0.00104596874324619,5.839481373579768,0.10057391761982624,532,0.005087177332117395,1.1609858065525088e-4,0.008874169844192844,1.8619345389363952e-4
OL22-3,2,italic('O. Lucimarinus'),Optics,15,2022-12-08T14:00:00Z,2022-12-08,14:00:00,2022-11-28,2022-11-28T14:00:00Z,1055555000000,37074000000,0.7067384381615038,0.01316611652052817,0.620175165676083,0.00860853368940879,1.5402849347491343,0.0096687263475845,1.171942620302419,0.14868672198376898,1.6970440505818796,0.06324017981740314,0.04873060628522958,0.00104596874324619,5.839481373579768,0.10057391761982624,660,0.0033537552658637073,9.980924697436374e-5,0.01022490804981239,3.2304469472843107e-4
SYN22-4,1,italic('Synechococcus ') (WH8102),Optics,1,2022-08-16T09:00:00Z,2022-08-16,09:00:00,2022-11-27,2022-11-27T09:00:00Z,419068000000,54632000000,1.4194179263090885,0.02593582406377752,1.2334447404476478,0.02213556564278751,0.37218717210258656,0.00381230132975014,1.6042382590455548,0.0168123809598493,2.11893906749933,0.0247014097901343,0.03067894750499803,0.00118573373306644,4.103744952403658,0.11401285894869768,470,0.001634970541638082,1.240191578536017e-4,0.0026601301281243854,3.291360684441308e-4
SYN22-4,1,italic('Synechococcus ') (WH8102),Optics,1,2022-08-16T09:00:00Z,2022-08-16,09:00:00,2022-11-27,2022-11-27T09:00:00Z,419068000000,54632000000,1.4194179263090885,0.02593582406377752,1.2334447404476478,0.02213556564278751,0.37218717210258656,0.00381230132975014,1.6042382590455548,0.0168123809598493,2.11893906749933,0.0247014097901343,0.03067894750499803,0.00118573373306644,4.103744952403658,0.11401285894869768,532,0.0023688720236423946,7.683024209210253e-7,0.00469404075129342,2.719304629448054e-4
SYN22-4,1,italic('Synechococcus ') (WH8102),Optics,1,2022-08-16T09:00:00Z,2022-08-16,09:00:00,2022-11-27,2022-11-27T09:00:00Z,419068000000,54632000000,1.4194179263090885,0.02593582406377752,1.2334447404476478,0.02213556564278751,0.37218717210258656,0.00381230132975014,1.6042382590455548,0.0168123809598493,2.11893906749933,0.0247014097901343,0.03067894750499803,0.00118573373306644,4.103744952403658,0.11401285894869768,660,0.002608701679632228,2.4253072720149018e-4,0.008187418932279755,2.5326625787557727e-4
SYN22-4,1,italic('Synechococcus ') (WH8102),Optics,2,2022-08-16T11:00:00Z,2022-08-16,11:00:00,2022-11-27,2022-11-27T11:00:00Z,389972000000,115306000000,1.4467562540931078,0.02541551247633801,1.2483643086656648,0.02109766478908375,0.3699520191351288,0.00544790325068709,1.6034444061367836,0.01358763409618612,2.1019057528048073,0.00881301305380471,0.0299933670167984,9.522162738345236e-5,4.037823751615232,0.00915592570994705,470,0.0018554878664274114,4.981414239610193e-4,0.0032912015730203912,0.0013761530439955242
SYN22-4,1,italic('Synechococcus ') (WH8102),Optics,2,2022-08-16T11:00:00Z,2022-08-16,11:00:00,2022-11-27,2022-11-27T11:00:00Z,389972000000,115306000000,1.4467562540931078,0.02541551247633801,1.2483643086656648,0.02109766478908375,0.3699520191351288,0.00544790325068709,1.6034444061367836,0.01358763409618612,2.1019057528048073,0.00881301305380471,0.0299933670167984,9.522162738345236e-5,4.037823751615232,0.00915592570994705,532,0.0025407334531125127,1.8564608879397627e-4,0.005242714048889346,4.162424827325788e-4
SYN22-4,1,italic('Synechococcus ') (WH8102),Optics,2,2022-08-16T11:00:00Z,2022-08-16,11:00:00,2022-11-27,2022-11-27T11:00:00Z,389972000000,115306000000,1.4467562540931078,0.02541551247633801,1.2483643086656648,0.02109766478908375,0.3699520191351288,0.00544790325068709,1.6034444061367836,0.01358763409618612,2.1019057528048073,0.00881301305380471,0.0299933670167984,9.522162738345236e-5,4.037823751615232,0.00915592570994705,660,0.002758380542034704,5.169065446413398e-4,0.008896401959454653,3.073358623615064e-4
SYN22-4,1,italic('Synechococcus ') (WH8102),Optics,3,2022-08-16T13:00:00Z,2022-08-16,13:00:00,2022-11-27,2022-11-27T13:00:00Z,385592000000,112534000000,1.4519142032285235,0.04229502956963096,1.2299964999640602,0.01338600130047512,0.3721300519371544,0.00244133239841384,1.6432846522885765,0.02537080202277818,2.0786829439505063,0.0401598590261828,0.03224562382130893,7.366095577573626e-4,4.254386905895091,0.07082784209205403,470,0.003284432311297006,0.001886341555780892,0.00393556465183554,0.0018327551780988282
SYN22-4,1,italic('Synechococcus ') (WH8102),Optics,3,2022-08-16T13:00:00Z,2022-08-16,13:00:00,2022-11-27,2022-11-27T13:00:00Z,385592000000,112534000000,1.4519142032285235,0.04229502956963096,1.2299964999640602,0.01338600130047512,0.3721300519371544,0.00244133239841384,1.6432846522885765,0.02537080202277818,2.0786829439505063,0.0401598590261828,0.03224562382130893,7.366095577573626e-4,4.254386905895091,0.07082784209205403,532,0.0039335608915562125,0.0014726645543593289,0.005515494363367056,0.0012697603985756302
SYN22-4,1,italic('Synechococcus ') (WH8102),Optics,3,2022-08-16T13:00:00Z,2022-08-16,13:00:00,2022-11-27,2022-11-27T13:00:00Z,385592000000,112534000000,1.4519142032285235,0.04229502956963096,1.2299964999640602,0.01338600130047512,0.3721300519371544,0.00244133239841384,1.6432846522885765,0.02537080202277818,2.0786829439505063,0.0401598590261828,0.03224562382130893,7.366095577573626e-4,4.254386905895091,0.07082784209205403,660,0.004268668639720238,0.001372079164833069,0.008511290610271768,7.18681470655754e-4
SYN22-4,1,italic('Synechococcus ') (WH8102),Optics,4,2022-08-16T15:00:00Z,2022-08-16,15:00:00,2022-11-27,2022-11-27T15:00:00Z,334462000000,73315000000,1.4487298195705784,0.03389141349173613,1.2359849729596053,0.01747138269279923,0.3793727975661478,0.0024536299545151,1.7538525023438205,0.02162985991746192,2.101162092056013,0.02422312204633073,0.03295641510525898,5.424280145130225e-4,4.322732221659518,0.05215653985702151,470,0.0021553132575057535,0.0014197253037093237,0.002374002072560796,0.0011867303151473713
SYN22-4,1,italic('Synechococcus ') (WH8102),Optics,4,2022-08-16T15:00:00Z,2022-08-16,15:00:00,2022-11-27,2022-11-27T15:00:00Z,334462000000,73315000000,1.4487298195705784,0.03389141349173613,1.2359849729596053,0.01747138269279923,0.3793727975661478,0.0024536299545151,1.7538525023438205,0.02162985991746192,2.101162092056013,0.02422312204633073,0.03295641510525898,5.424280145130225e-4,4.322732221659518,0.05215653985702151,532,0.0026479728150859295,7.253949441796115e-4,0.0036534627781549013,1.4874361036113908e-4
SYN22-4,1,italic('Synechococcus ') (WH8102),Optics,4,2022-08-16T15:00:00Z,2022-08-16,15:00:00,2022-11-27,2022-11-27T15:00:00Z,334462000000,73315000000,1.4487298195705784,0.03389141349173613,1.2359849729596053,0.01747138269279923,0.3793727975661478,0.0024536299545151,1.7538525023438205,0.02162985991746192,2.101162092056013,0.02422312204633073,0.03295641510525898,5.424280145130225e-4,4.322732221659518,0.05215653985702151,660,0.0030336928512437675,5.985208790010622e-4,0.006679814343255448,9.71345359968113e-4
SYN22-4,1,italic('Synechococcus ') (WH8102),Optics,5,2022-08-16T17:00:00Z,2022-08-16,17:00:00,2022-11-27,2022-11-27T17:00:00Z,478952000000,213813000000,1.4328504106466324,0.01578141210413503,1.2187535825202656,0.01443234134414358,0.3757333697798557,0.00190405201773113,1.818776106238806,0.01717987634364715,2.100366075717486,0.02972837497908266,0.03460386372571511,9.441157201119036e-4,4.481140742857223,0.0907803577030672,470,0.00226861250106029,0.0015722677491883297,0.0023700944495129023,0.0017132314742314407
SYN22-4,1,italic('Synechococcus ') (WH8102),Optics,5,2022-08-16T17:00:00Z,2022-08-16,17:00:00,2022-11-27,2022-11-27T17:00:00Z,478952000000,213813000000,1.4328504106466324,0.01578141210413503,1.2187535825202656,0.01443234134414358,0.3757333697798557,0.00190405201773113,1.818776106238806,0.01717987634364715,2.100366075717486,0.02972837497908266,0.03460386372571511,9.441157201119036e-4,4.481140742857223,0.0907803577030672,532,0.002813147114905541,5.504539871511061e-4,0.0034627159727548804,7.473387786503744e-4
SYN22-4,1,italic('Synechococcus ') (WH8102),Optics,5,2022-08-16T17:00:00Z,2022-08-16,17:00:00,2022-11-27,2022-11-27T17:00:00Z,478952000000,213813000000,1.4328504106466324,0.01578141210413503,1.2187535825202656,0.01443234134414358,0.3757333697798557,0.00190405201773113,1.818776106238806,0.01717987634364715,2.100366075717486,0.02972837497908266,0.03460386372571511,9.441157201119036e-4,4.481140742857223,0.0907803577030672,660,0.0031109490316573937,8.802453892859273e-4,0.005933484663423671,0.001620970669678759
SYN22-4,1,italic('Synechococcus ') (WH8102),Optics,6,2022-08-16T19:00:00Z,2022-08-16,19:00:00,2022-11-27,2022-11-27T19:00:00Z,630508000000,211186000000,1.4306311139756085,0.01913322285652739,1.2196314609029129,0.02383379846402344,0.37488063987588377,0.00828083789260429,1.8651746456978664,0.00946971712295829,2.114268678054645,0.01033060506907225,0.03505065796488035,0.00142006742232533,4.524101727392342,0.13654494445435997,470,0.0020504956457164146,7.616474091822853e-4,0.0018344844850013975,5.886632879490561e-4
SYN22-4,1,italic('Synechococcus ') (WH8102),Optics,6,2022-08-16T19:00:00Z,2022-08-16,19:00:00,2022-11-27,2022-11-27T19:00:00Z,630508000000,211186000000,1.4306311139756085,0.01913322285652739,1.2196314609029129,0.02383379846402344,0.37488063987588377,0.00828083789260429,1.8651746456978664,0.00946971712295829,2.114268678054645,0.01033060506907225,0.03505065796488035,0.00142006742232533,4.524101727392342,0.13654494445435997,532,0.0028820911336673635,3.541117507481011e-5,0.0031352956629713464,2.1802960390490518e-4
SYN22-4,1,italic('Synechococcus ') (WH8102),Optics,6,2022-08-16T19:00:00Z,2022-08-16,19:00:00,2022-11-27,2022-11-27T19:00:00Z,630508000000,211186000000,1.4306311139756085,0.01913322285652739,1.2196314609029129,0.02383379846402344,0.37488063987588377,0.00828083789260429,1.8651746456978664,0.00946971712295829,2.114268678054645,0.01033060506907225,0.03505065796488035,0.00142006742232533,4.524101727392342,0.13654494445435997,660,0.003156898823928009,5.700346155693249e-5,0.005361843934692831,6.344121562059512e-4
SYN22-4,1,italic('Synechococcus ') (WH8102),Optics,7,2022-08-16T21:00:00Z,2022-08-16,21:00:00,2022-11-27,2022-11-27T21:00:00Z,803742000000,158529000000,1.4233142481423242,0.01931440431955972,1.2112540981928213,0.0095589080910277,0.37759930805920233,0.00491938771130624,1.830770417611162,0.00855998436458786,2.1109098245434708,0.0105658951879316,0.03987228296992759,6.858683794330968e-4,4.987719516339192,0.0659488826377978,470,0.002096575090873797,5.652311507753851e-4,0.0018641893073655818,7.084908660177e-4
SYN22-4,1,italic('Synechococcus ') (WH8102),Optics,7,2022-08-16T21:00:00Z,2022-08-16,21:00:00,2022-11-27,2022-11-27T21:00:00Z,803742000000,158529000000,1.4233142481423242,0.01931440431955972,1.2112540981928213,0.0095589080910277,0.37759930805920233,0.00491938771130624,1.830770417611162,0.00855998436458786,2.1109098245434708,0.0105658951879316,0.03987228296992759,6.858683794330968e-4,4.987719516339192,0.0659488826377978,532,0.002884398040934702,2.740204589296164e-5,0.0030216544745910153,3.256796993291712e-4
SYN22-4,1,italic('Synechococcus ') (WH8102),Optics,7,2022-08-16T21:00:00Z,2022-08-16,21:00:00,2022-11-27,2022-11-27T21:00:00Z,803742000000,158529000000,1.4233142481423242,0.01931440431955972,1.2112540981928213,0.0095589080910277,0.37759930805920233,0.00491938771130624,1.830770417611162,0.00855998436458786,2.1109098245434708,0.0105658951879316,0.03987228296992759,6.858683794330968e-4,4.987719516339192,0.0659488826377978,660,0.0031797881672441957,1.1932173155587381e-4,0.005246840271838123,6.78465481877552e-4
SYN22-4,1,italic('Synechococcus ') (WH8102),Optics,8,2022-08-16T23:00:00Z,2022-08-16,23:00:00,2022-11-27,2022-11-27T23:00:00Z,940538000000,229800000000,1.4231003198310468,0.02335676441096635,1.2128275388571137,0.01107641896854474,0.3830646748661872,0.00146442657529719,1.7677576705514475,0.01091845847528681,2.096605873489274,0.0241179621207207,0.03850109930896754,0.00139035576260622,4.8558749335545714,0.13368805409675164,470,0.0017579688590082106,7.233595012767792e-4,0.0017334610798595235,8.385941440796193e-4
SYN22-4,1,italic('Synechococcus ') (WH8102),Optics,8,2022-08-16T23:00:00Z,2022-08-16,23:00:00,2022-11-27,2022-11-27T23:00:00Z,940538000000,229800000000,1.4231003198310468,0.02335676441096635,1.2128275388571137,0.01107641896854474,0.3830646748661872,0.00146442657529719,1.7677576705514475,0.01091845847528681,2.096605873489274,0.0241179621207207,0.03850109930896754,0.00139035576260622,4.8558749335545714,0.13368805409675164,532,0.002478808103396971,1.0845189857919632e-4,0.0028964447615095713,6.273167189225537e-5
SYN22-4,1,italic('Synechococcus ') (WH8102),Optics,8,2022-08-16T23:00:00Z,2022-08-16,23:00:00,2022-11-27,2022-11-27T23:00:00Z,940538000000,229800000000,1.4231003198310468,0.02335676441096635,1.2128275388571137,0.01107641896854474,0.3830646748661872,0.00146442657529719,1.7677576705514475,0.01091845847528681,2.096605873489274,0.0241179621207207,0.03850109930896754,0.00139035576260622,4.8558749335545714,0.13368805409675164,660,0.002789516547875882,1.5279756674099423e-4,0.005243950565097562,9.771956992574823e-5
SYN22-4,1,italic('Synechococcus ') (WH8102),Optics,9,2022-08-17T03:00:00Z,2022-08-17,03:00:00,2022-11-28,2022-11-28T03:00:00Z,904378000000,214136000000,1.4373879102602083,0.01750517792744208,1.240964898100391,0.01307098893373123,0.3844077491520292,0.00844053315497789,1.6967807833584834,0.00209394733894242,2.1214244277151484,0.02017201786367276,0.04227304376249332,0.00215850176906117,5.2185619002397425,0.20754824702511296,470,0.002137620885935753,4.994747831168694e-4,0.0020828317830448324,5.944712871769735e-4
SYN22-4,1,italic('Synechococcus ') (WH8102),Optics,9,2022-08-17T03:00:00Z,2022-08-17,03:00:00,2022-11-28,2022-11-28T03:00:00Z,904378000000,214136000000,1.4373879102602083,0.01750517792744208,1.240964898100391,0.01307098893373123,0.3844077491520292,0.00844053315497789,1.6967807833584834,0.00209394733894242,2.1214244277151484,0.02017201786367276,0.04227304376249332,0.00215850176906117,5.2185619002397425,0.20754824702511296,532,0.003172836251452722,2.2517348073248443e-4,0.003669376676713651,4.863589901135354e-4
SYN22-4,1,italic('Synechococcus ') (WH8102),Optics,9,2022-08-17T03:00:00Z,2022-08-17,03:00:00,2022-11-28,2022-11-28T03:00:00Z,904378000000,214136000000,1.4373879102602083,0.01750517792744208,1.240964898100391,0.01307098893373123,0.3844077491520292,0.00844053315497789,1.6967807833584834,0.00209394733894242,2.1214244277151484,0.02017201786367276,0.04227304376249332,0.00215850176906117,5.2185619002397425,0.20754824702511296,660,0.0035958946323228387,1.3319483369460069e-4,0.006448379793936545,6.894655569900855e-4
SYN22-4,1,italic('Synechococcus ') (WH8102),Optics,10,2022-08-17T07:00:00Z,2022-08-17,07:00:00,2022-11-28,2022-11-28T07:00:00Z,726272000000,199957000000,1.426625385796752,0.01145663508675105,1.2356588283728378,0.01265253797630417,0.37715570933598086,0.00638382836727686,1.6267131924716218,0.01575504041100292,2.1112436603390146,0.01253800587963981,0.04509985040351506,0.00112967036081875,5.490370231107217,0.10862215007872672,470,0.00251218408929911,2.2524860710408895e-4,0.002746620590575055,2.993211889028902e-5
SYN22-4,1,italic('Synechococcus ') (WH8102),Optics,10,2022-08-17T07:00:00Z,2022-08-17,07:00:00,2022-11-28,2022-11-28T07:00:00Z,726272000000,199957000000,1.426625385796752,0.01145663508675105,1.2356588283728378,0.01265253797630417,0.37715570933598086,0.00638382836727686,1.6267131924716218,0.01575504041100292,2.1112436603390146,0.01253800587963981,0.04509985040351506,0.00112967036081875,5.490370231107217,0.10862215007872672,532,0.003287896965989221,5.252300629561309e-4,0.004321144364446547,2.1498545776713965e-4
SYN22-4,1,italic('Synechococcus ') (WH8102),Optics,10,2022-08-17T07:00:00Z,2022-08-17,07:00:00,2022-11-28,2022-11-28T07:00:00Z,726272000000,199957000000,1.426625385796752,0.01145663508675105,1.2356588283728378,0.01265253797630417,0.37715570933598086,0.00638382836727686,1.6267131924716218,0.01575504041100292,2.1112436603390146,0.01253800587963981,0.04509985040351506,0.00112967036081875,5.490370231107217,0.10862215007872672,660,0.0036781723490359078,3.2348603499722165e-4,0.007699389962404848,6.456140069711039e-4
SYN22-4,1,italic('Synechococcus ') (WH8102),Optics,11,2022-08-17T09:00:00Z,2022-08-17,09:00:00,2022-11-28,2022-11-28T09:00:00Z,938985000000,369244000000,1.4336237070229467,0.00378118391828794,1.252822787430336,0.008925028830929,0.3798799574959881,0.00280518232482511,1.599399054106422,0.01451778754862161,2.116611618626707,0.00448269718412042,0.04856411174395089,1.734931287076304e-4,5.823472283072201,0.01668203160650272,470,0.001910365341548786,5.621054495761038e-4,0.002210598625330523,8.299363456489887e-4
SYN22-4,1,italic('Synechococcus ') (WH8102),Optics,11,2022-08-17T09:00:00Z,2022-08-17,09:00:00,2022-11-28,2022-11-28T09:00:00Z,938985000000,369244000000,1.4336237070229467,0.00378118391828794,1.252822787430336,0.008925028830929,0.3798799574959881,0.00280518232482511,1.599399054106422,0.01451778754862161,2.116611618626707,0.00448269718412042,0.04856411174395089,1.734931287076304e-4,5.823472283072201,0.01668203160650272,532,0.0028102379466939664,1.1896178054176801e-4,0.003945260551483755,5.944399758967984e-4
SYN22-4,1,italic('Synechococcus ') (WH8102),Optics,11,2022-08-17T09:00:00Z,2022-08-17,09:00:00,2022-11-28,2022-11-28T09:00:00Z,938985000000,369244000000,1.4336237070229467,0.00378118391828794,1.252822787430336,0.008925028830929,0.3798799574959881,0.00280518232482511,1.599399054106422,0.01451778754862161,2.116611618626707,0.00448269718412042,0.04856411174395089,1.734931287076304e-4,5.823472283072201,0.01668203160650272,660,0.0032796697214499135,4.576416642850589e-4,0.007477148107814982,1.1778792090582746e-5
SYN22-4,1,italic('Synechococcus ') (WH8102),Optics,12,2022-08-17T11:00:00Z,2022-08-17,11:00:00,2022-11-28,2022-11-28T11:00:00Z,933758000000,306778000000,1.4630252494883436,0.01574228908188841,1.2564987762091917,0.00896855564255406,0.3790805162420066,0.00743816518373402,1.589386627863172,0.00809245385603129,2.10257103601776,0.01242857609886869,0.05005814076974897,5.082020137242264e-4,5.967128920168171,0.0488655782427139,470,0.003116692092574436,5.572630166841166e-5,0.0033501855782214346,6.222914729800164e-4
SYN22-4,1,italic('Synechococcus ') (WH8102),Optics,12,2022-08-17T11:00:00Z,2022-08-17,11:00:00,2022-11-28,2022-11-28T11:00:00Z,933758000000,306778000000,1.4630252494883436,0.01574228908188841,1.2564987762091917,0.00896855564255406,0.3790805162420066,0.00743816518373402,1.589386627863172,0.00809245385603129,2.10257103601776,0.01242857609886869,0.05005814076974897,5.082020137242264e-4,5.967128920168171,0.0488655782427139,532,0.003875805384955914,4.6865939342174235e-4,0.004873596643199642,2.842389117451424e-4
SYN22-4,1,italic('Synechococcus ') (WH8102),Optics,12,2022-08-17T11:00:00Z,2022-08-17,11:00:00,2022-11-28,2022-11-28T11:00:00Z,933758000000,306778000000,1.4630252494883436,0.01574228908188841,1.2564987762091917,0.00896855564255406,0.3790805162420066,0.00743816518373402,1.589386627863172,0.00809245385603129,2.10257103601776,0.01242857609886869,0.05005814076974897,5.082020137242264e-4,5.967128920168171,0.0488655782427139,660,0.0042934282498577345,4.345620486294562e-4,0.008416557108716608,0.0014273472157014966
SYN22-4,1,italic('Synechococcus ') (WH8102),Optics,13,2022-08-17T13:00:00Z,2022-08-17,13:00:00,2022-11-28,2022-11-28T13:00:00Z,873165000000,344459000000,1.4458943859626423,0.01448112531909313,1.2302743925425397,0.00661168875923059,0.3739654768653404,0.00547958234711859,1.6413832058879994,0.01313448594325675,2.0916333296580656,0.00964986741021298,0.05084069428781464,5.471266024192384e-4,6.042374450751408,0.05260832715569653,470,0.0024957955027652195,8.814242683122056e-4,0.002438398022092414,0.001008516945912964
SYN22-4,1,italic('Synechococcus ') (WH8102),Optics,13,2022-08-17T13:00:00Z,2022-08-17,13:00:00,2022-11-28,2022-11-28T13:00:00Z,873165000000,344459000000,1.4458943859626423,0.01448112531909313,1.2302743925425397,0.00661168875923059,0.3739654768653404,0.00547958234711859,1.6413832058879994,0.01313448594325675,2.0916333296580656,0.00964986741021298,0.05084069428781464,5.471266024192384e-4,6.042374450751408,0.05260832715569653,532,0.0030110594748130565,2.4595845006157417e-4,0.0034963377674267007,1.0098698282146343e-4
SYN22-4,1,italic('Synechococcus ') (WH8102),Optics,13,2022-08-17T13:00:00Z,2022-08-17,13:00:00,2022-11-28,2022-11-28T13:00:00Z,873165000000,344459000000,1.4458943859626423,0.01448112531909313,1.2302743925425397,0.00661168875923059,0.3739654768653404,0.00547958234711859,1.6413832058879994,0.01313448594325675,2.0916333296580656,0.00964986741021298,0.05084069428781464,5.471266024192384e-4,6.042374450751408,0.05260832715569653,660,0.003295295961723811,3.7921960561233386e-4,0.006148312106528808,9.43150545086715e-4
SYN22-5,2,italic('Synechococcus ') (WH8102),Optics,1,2022-08-24T10:00:00Z,2022-08-24,10:00:00,2022-11-27,2022-11-27T10:00:00Z,901446432120.1284,NA,1.419658236031807,0.01904849638925586,1.228868430477105,0.01530159595734067,0.3751114661976296,0.00800475218815129,1.5462526259758678,0.01582372662175436,2.1261876923544647,0.023914579371432432,0.04585600851190981,0.00131281417028955,5.563077741529789,0.12623213175861073,470,0.0020421634939814482,2.660598876558479e-4,0.0024757636800542245,3.2533742713481507e-4
SYN22-5,2,italic('Synechococcus ') (WH8102),Optics,1,2022-08-24T10:00:00Z,2022-08-24,10:00:00,2022-11-27,2022-11-27T10:00:00Z,901446432120.1284,NA,1.419658236031807,0.01904849638925586,1.228868430477105,0.01530159595734067,0.3751114661976296,0.00800475218815129,1.5462526259758678,0.01582372662175436,2.1261876923544647,0.023914579371432432,0.04585600851190981,0.00131281417028955,5.563077741529789,0.12623213175861073,532,0.0028081789665852005,3.7467838540293453e-4,0.004160843352024573,5.408915114888129e-4
SYN22-5,2,italic('Synechococcus ') (WH8102),Optics,1,2022-08-24T10:00:00Z,2022-08-24,10:00:00,2022-11-27,2022-11-27T10:00:00Z,901446432120.1284,NA,1.419658236031807,0.01904849638925586,1.228868430477105,0.01530159595734067,0.3751114661976296,0.00800475218815129,1.5462526259758678,0.01582372662175436,2.1261876923544647,0.023914579371432432,0.04585600851190981,0.00131281417028955,5.563077741529789,0.12623213175861073,660,0.0033421382289385935,3.5137485768599455e-4,0.00814019909142741,7.532486599327002e-4
SYN22-5,2,italic('Synechococcus ') (WH8102),Optics,2,2022-08-24T12:00:00Z,2022-08-24,12:00:00,2022-11-27,2022-11-27T12:00:00Z,985277814712.1976,NA,1.453816762891864,0.01218299983063287,1.2506825675904425,0.01185996904026376,0.3787988259577347,0.00613222904162212,1.5468593372229589,0.01580495944941528,2.113206212596265,0.02404880992815951,0.04842026256766722,0.00219003431007351,5.809640631506463,0.210580222122453,470,0.001629128626299221,5.595863132680305e-4,0.0018563915063356275,5.237457877788885e-4
SYN22-5,2,italic('Synechococcus ') (WH8102),Optics,2,2022-08-24T12:00:00Z,2022-08-24,12:00:00,2022-11-27,2022-11-27T12:00:00Z,985277814712.1976,NA,1.453816762891864,0.01218299983063287,1.2506825675904425,0.01185996904026376,0.3787988259577347,0.00613222904162212,1.5468593372229589,0.01580495944941528,2.113206212596265,0.02404880992815951,0.04842026256766722,0.00219003431007351,5.809640631506463,0.210580222122453,532,0.002679663786156013,3.7058728785494964e-4,0.003773837984524654,3.9981548945267894e-4
SYN22-5,2,italic('Synechococcus ') (WH8102),Optics,2,2022-08-24T12:00:00Z,2022-08-24,12:00:00,2022-11-27,2022-11-27T12:00:00Z,985277814712.1976,NA,1.453816762891864,0.01218299983063287,1.2506825675904425,0.01185996904026376,0.3787988259577347,0.00613222904162212,1.5468593372229589,0.01580495944941528,2.113206212596265,0.02404880992815951,0.04842026256766722,0.00219003431007351,5.809640631506463,0.210580222122453,660,0.0031428234666720247,7.409590112790965e-5,0.007426464245116287,5.542802059163768e-4
SYN22-5,2,italic('Synechococcus ') (WH8102),Optics,3,2022-08-24T14:00:00Z,2022-08-24,14:00:00,2022-11-27,2022-11-27T14:00:00Z,946236240656.7076,NA,1.4588881882728044,0.01657672529984352,1.2351529562127967,0.00671398299221874,0.378931431226544,0.005182132195526,1.6008386699445818,0.01533056055563117,2.1075233874755934,0.02564690244278698,0.04722604971420516,0.00487705859770855,5.694812472519728,0.46894794208736035,470,0.0019713020550264455,3.321356315265849e-4,0.002124316985357467,4.480623253019291e-4
SYN22-5,2,italic('Synechococcus ') (WH8102),Optics,3,2022-08-24T14:00:00Z,2022-08-24,14:00:00,2022-11-27,2022-11-27T14:00:00Z,946236240656.7076,NA,1.4588881882728044,0.01657672529984352,1.2351529562127967,0.00671398299221874,0.378931431226544,0.005182132195526,1.6008386699445818,0.01533056055563117,2.1075233874755934,0.02564690244278698,0.04722604971420516,0.00487705859770855,5.694812472519728,0.46894794208736035,532,0.00263148568992364,4.187015309193954e-4,0.0034466035010221768,2.478722660170887e-4
SYN22-5,2,italic('Synechococcus ') (WH8102),Optics,3,2022-08-24T14:00:00Z,2022-08-24,14:00:00,2022-11-27,2022-11-27T14:00:00Z,946236240656.7076,NA,1.4588881882728044,0.01657672529984352,1.2351529562127967,0.00671398299221874,0.378931431226544,0.005182132195526,1.6008386699445818,0.01533056055563117,2.1075233874755934,0.02564690244278698,0.04722604971420516,0.00487705859770855,5.694812472519728,0.46894794208736035,660,0.002987260464400651,3.256495302872024e-4,0.006587503115431797,4.3280512418528063e-4
SYN22-5,2,italic('Synechococcus ') (WH8102),Optics,4,2022-08-24T16:00:00Z,2022-08-24,16:00:00,2022-11-27,2022-11-27T16:00:00Z,1033033367436.9126,NA,1.4502915350033154,0.02142147279630244,1.225821387725733,0.01167103622095458,0.3753699218745872,0.00915284699674554,1.6995649755424904,0.01231027888846375,2.1254704140794725,0.01666587889084142,0.04988102065101144,0.00188253370885324,5.950098139520331,0.18101285662050445,470,0.0026015206209500817,5.653901078641619e-4,0.002274073499843766,4.802058785396331e-4
SYN22-5,2,italic('Synechococcus ') (WH8102),Optics,4,2022-08-24T16:00:00Z,2022-08-24,16:00:00,2022-11-27,2022-11-27T16:00:00Z,1033033367436.9126,NA,1.4502915350033154,0.02142147279630244,1.225821387725733,0.01167103622095458,0.3753699218745872,0.00915284699674554,1.6995649755424904,0.01231027888846375,2.1254704140794725,0.01666587889084142,0.04988102065101144,0.00188253370885324,5.950098139520331,0.18101285662050445,532,0.002963034792147705,4.213444749255449e-4,0.00316169909775838,1.8890385970080285e-4
SYN22-5,2,italic('Synechococcus ') (WH8102),Optics,4,2022-08-24T16:00:00Z,2022-08-24,16:00:00,2022-11-27,2022-11-27T16:00:00Z,1033033367436.9126,NA,1.4502915350033154,0.02142147279630244,1.225821387725733,0.01167103622095458,0.3753699218745872,0.00915284699674554,1.6995649755424904,0.01231027888846375,2.1254704140794725,0.01666587889084142,0.04988102065101144,0.00188253370885324,5.950098139520331,0.18101285662050445,660,0.0033790171405319353,3.531744440162684e-4,0.006000067060581593,2.1057651798581063e-4
SYN22-5,2,italic('Synechococcus ') (WH8102),Optics,5,2022-08-24T18:00:00Z,2022-08-24,18:00:00,2022-11-27,2022-11-27T18:00:00Z,1209588066476.4873,NA,1.4484072622625384,0.01840865988025615,1.2250249457213138,0.01415874111360024,0.378759195500094,0.00860105790490908,1.7571749048958094,0.01607321463588149,2.1300788632187153,0.02399422720361161,0.05528151732751608,0.00613117455237646,6.4693766661073155,0.5895360146515827,470,0.002466653222930727,7.255095095761433e-4,0.0017323864791519298,4.3458998239350854e-4
SYN22-5,2,italic('Synechococcus ') (WH8102),Optics,5,2022-08-24T18:00:00Z,2022-08-24,18:00:00,2022-11-27,2022-11-27T18:00:00Z,1209588066476.4873,NA,1.4484072622625384,0.01840865988025615,1.2250249457213138,0.01415874111360024,0.378759195500094,0.00860105790490908,1.7571749048958094,0.01607321463588149,2.1300788632187153,0.02399422720361161,0.05528151732751608,0.00613117455237646,6.4693766661073155,0.5895360146515827,532,0.0031548313793156057,4.92363487624656e-4,0.0027210141125364995,1.5730211728759547e-4
SYN22-5,2,italic('Synechococcus ') (WH8102),Optics,5,2022-08-24T18:00:00Z,2022-08-24,18:00:00,2022-11-27,2022-11-27T18:00:00Z,1209588066476.4873,NA,1.4484072622625384,0.01840865988025615,1.2250249457213138,0.01415874111360024,0.378759195500094,0.00860105790490908,1.7571749048958094,0.01607321463588149,2.1300788632187153,0.02399422720361161,0.05528151732751608,0.00613117455237646,6.4693766661073155,0.5895360146515827,660,0.003738449204993865,5.296792046386709e-4,0.005323342697541304,3.0173523660285517e-4
SYN22-5,2,italic('Synechococcus ') (WH8102),Optics,6,2022-08-24T20:00:00Z,2022-08-24,20:00:00,2022-11-27,2022-11-27T20:00:00Z,1289406375106.4253,NA,1.4597059359695408,0.03745091317655874,1.2227921765878649,0.02097656692090312,0.38583421371825294,0.0100378969013217,1.793693130310459,0.01655778301900205,2.1253004455581817,0.03183843699513846,0.05772301853266713,0.00291150362044232,6.7041363973718395,0.2799522711963773,470,0.003043253558000341,3.3762303794864217e-4,0.0018866158895983482,1.5090699543732108e-4
SYN22-5,2,italic('Synechococcus ') (WH8102),Optics,6,2022-08-24T20:00:00Z,2022-08-24,20:00:00,2022-11-27,2022-11-27T20:00:00Z,1289406375106.4253,NA,1.4597059359695408,0.03745091317655874,1.2227921765878649,0.02097656692090312,0.38583421371825294,0.0100378969013217,1.793693130310459,0.01655778301900205,2.1253004455581817,0.03183843699513846,0.05772301853266713,0.00291150362044232,6.7041363973718395,0.2799522711963773,532,0.0038168685572163535,4.3579213887744693e-4,0.0028708691974485383,2.770265489420968e-4
SYN22-5,2,italic('Synechococcus ') (WH8102),Optics,6,2022-08-24T20:00:00Z,2022-08-24,20:00:00,2022-11-27,2022-11-27T20:00:00Z,1289406375106.4253,NA,1.4597059359695408,0.03745091317655874,1.2227921765878649,0.02097656692090312,0.38583421371825294,0.0100378969013217,1.793693130310459,0.01655778301900205,2.1253004455581817,0.03183843699513846,0.05772301853266713,0.00291150362044232,6.7041363973718395,0.2799522711963773,660,0.0042919613701137916,3.3026083213089725e-4,0.005188111186948384,5.399864241358355e-5
SYN22-5,2,italic('Synechococcus ') (WH8102),Optics,7,2022-08-24T22:00:00Z,2022-08-24,22:00:00,2022-11-27,2022-11-27T22:00:00Z,1259998637067.0903,NA,1.4571602026657602,0.04094099094788572,1.21845773482178,0.02294462818758608,0.3865571066247685,0.01086740939663746,1.7602495624535337,0.03737504825080786,2.126691824877243,0.0312985370498325,0.05682348772205216,0.00105024545693871,6.617643050197324,0.10098514009026174,470,0.002438235295246958,3.040880792030217e-4,0.0016632959318900182,2.804277885189774e-4
SYN22-5,2,italic('Synechococcus ') (WH8102),Optics,7,2022-08-24T22:00:00Z,2022-08-24,22:00:00,2022-11-27,2022-11-27T22:00:00Z,1259998637067.0903,NA,1.4571602026657602,0.04094099094788572,1.21845773482178,0.02294462818758608,0.3865571066247685,0.01086740939663746,1.7602495624535337,0.03737504825080786,2.126691824877243,0.0312985370498325,0.05682348772205216,0.00105024545693871,6.617643050197324,0.10098514009026174,532,0.003243698743796069,1.6410685773253023e-4,0.002690683756919801,2.133831287446809e-4
SYN22-5,2,italic('Synechococcus ') (WH8102),Optics,7,2022-08-24T22:00:00Z,2022-08-24,22:00:00,2022-11-27,2022-11-27T22:00:00Z,1259998637067.0903,NA,1.4571602026657602,0.04094099094788572,1.21845773482178,0.02294462818758608,0.3865571066247685,0.01086740939663746,1.7602495624535337,0.03737504825080786,2.126691824877243,0.0312985370498325,0.05682348772205216,0.00105024545693871,6.617643050197324,0.10098514009026174,660,0.0037182493764955525,1.516970461760714e-4,0.005108026616618398,4.6958536627427345e-4
SYN22-5,2,italic('Synechococcus ') (WH8102),Optics,9,2022-08-25T02:00:00Z,2022-08-25,02:00:00,2022-11-28,2022-11-28T02:00:00Z,1387655218375.2349,NA,1.4430694177543455,0.02952235936226505,1.2245688753645512,0.02100214331625544,0.38942522531046775,0.01345239170308298,1.6959705201441644,0.03133728196051169,2.1508837861306316,0.01122958003029327,0.06072827726794835,0.00705049219646511,6.9931035834565725,0.6779319419677996,470,0.0026611364151375894,7.246489784867709e-4,0.0018678832366892406,3.60994577008178e-4
SYN22-5,2,italic('Synechococcus ') (WH8102),Optics,9,2022-08-25T02:00:00Z,2022-08-25,02:00:00,2022-11-28,2022-11-28T02:00:00Z,1387655218375.2349,NA,1.4430694177543455,0.02952235936226505,1.2245688753645512,0.02100214331625544,0.38942522531046775,0.01345239170308298,1.6959705201441644,0.03133728196051169,2.1508837861306316,0.01122958003029327,0.06072827726794835,0.00705049219646511,6.9931035834565725,0.6779319419677996,532,0.0034375482427837956,5.489607258904041e-4,0.0029741626894883013,2.092817619360571e-4
SYN22-5,2,italic('Synechococcus ') (WH8102),Optics,9,2022-08-25T02:00:00Z,2022-08-25,02:00:00,2022-11-28,2022-11-28T02:00:00Z,1387655218375.2349,NA,1.4430694177543455,0.02952235936226505,1.2245688753645512,0.02100214331625544,0.38942522531046775,0.01345239170308298,1.6959705201441644,0.03133728196051169,2.1508837861306316,0.01122958003029327,0.06072827726794835,0.00705049219646511,6.9931035834565725,0.6779319419677996,660,0.004305465693296629,8.333774765968589e-4,0.006150613357979352,5.43427356991956e-4
SYN22-5,2,italic('Synechococcus ') (WH8102),Optics,10,2022-08-25T04:00:00Z,2022-08-25,04:00:00,2022-11-28,2022-11-28T04:00:00Z,1303908285705.3218,NA,1.4423480718854833,0.01989876616696249,1.2316768548259476,0.01932053095373762,0.38675916738069765,0.01026578835961217,1.657174443400987,0.0238840276220954,2.156088357985535,0.01609090664542704,0.05816660638628044,0.0043829399221025,6.746789075603888,0.42143653097139466,470,0.0021162470108879276,4.0155724695741874e-4,0.0017171734943342495,3.810559953985149e-4
SYN22-5,2,italic('Synechococcus ') (WH8102),Optics,10,2022-08-25T04:00:00Z,2022-08-25,04:00:00,2022-11-28,2022-11-28T04:00:00Z,1303908285705.3218,NA,1.4423480718854833,0.01989876616696249,1.2316768548259476,0.01932053095373762,0.38675916738069765,0.01026578835961217,1.657174443400987,0.0238840276220954,2.156088357985535,0.01609090664542704,0.05816660638628044,0.0043829399221025,6.746789075603888,0.42143653097139466,532,0.003198200467290892,5.3623733585190184e-5,0.0031741189850018367,1.3441211462470994e-4
SYN22-5,2,italic('Synechococcus ') (WH8102),Optics,10,2022-08-25T04:00:00Z,2022-08-25,04:00:00,2022-11-28,2022-11-28T04:00:00Z,1303908285705.3218,NA,1.4423480718854833,0.01989876616696249,1.2316768548259476,0.01932053095373762,0.38675916738069765,0.01026578835961217,1.657174443400987,0.0238840276220954,2.156088357985535,0.01609090664542704,0.05816660638628044,0.0043829399221025,6.746789075603888,0.42143653097139466,660,0.003932883987440637,1.1208166824186243e-4,0.006559618137845552,4.419651855865551e-4
SYN22-5,2,italic('Synechococcus ') (WH8102),Optics,11,2022-08-25T06:00:00Z,2022-08-25,06:00:00,2022-11-28,2022-11-28T06:00:00Z,1657792630677.4028,NA,1.4465829479647043,0.02476783804904403,1.240322801432859,0.02269683109406237,0.3898580880220891,0.01235945103480885,1.630525946816986,0.03067755221349505,2.162377593169524,0.0228347379654562,0.06899130399719114,0.01023775658681475,7.7876253843453025,0.9843996718091108,470,0.0025720224706317183,5.462658735135026e-4,0.0018332699108870795,2.0851178038804526e-4
SYN22-5,2,italic('Synechococcus ') (WH8102),Optics,11,2022-08-25T06:00:00Z,2022-08-25,06:00:00,2022-11-28,2022-11-28T06:00:00Z,1657792630677.4028,NA,1.4465829479647043,0.02476783804904403,1.240322801432859,0.02269683109406237,0.3898580880220891,0.01235945103480885,1.630525946816986,0.03067755221349505,2.162377593169524,0.0228347379654562,0.06899130399719114,0.01023775658681475,7.7876253843453025,0.9843996718091108,532,0.0037998063211404356,4.501520050385464e-4,0.003352838753956049,7.801040474670652e-5
SYN22-5,2,italic('Synechococcus ') (WH8102),Optics,11,2022-08-25T06:00:00Z,2022-08-25,06:00:00,2022-11-28,2022-11-28T06:00:00Z,1657792630677.4028,NA,1.4465829479647043,0.02476783804904403,1.240322801432859,0.02269683109406237,0.3898580880220891,0.01235945103480885,1.630525946816986,0.03067755221349505,2.162377593169524,0.0228347379654562,0.06899130399719114,0.01023775658681475,7.7876253843453025,0.9843996718091108,660,0.004749473609607406,5.511298600617638e-4,0.007029927548178203,8.941376655532199e-5
SYN22-5,2,italic('Synechococcus ') (WH8102),Optics,12,2022-08-25T08:00:00Z,2022-08-25,08:00:00,2022-11-28,2022-11-28T08:00:00Z,1511482143162.3872,NA,1.4538235363778045,0.01052420877412363,1.2510004734036824,0.0071903268493267,0.39022269721400066,0.01108172824601559,1.596633790508583,0.02328390929728756,2.1515921210825875,0.02142412821092237,0.06451592437908478,0.00797117113678976,7.357300421065845,0.7664587631528615,470,0.0025198803142399656,3.812969181424746e-4,0.002052496236621989,2.4482046927861047e-4
SYN22-5,2,italic('Synechococcus ') (WH8102),Optics,12,2022-08-25T08:00:00Z,2022-08-25,08:00:00,2022-11-28,2022-11-28T08:00:00Z,1511482143162.3872,NA,1.4538235363778045,0.01052420877412363,1.2510004734036824,0.0071903268493267,0.39022269721400066,0.01108172824601559,1.596633790508583,0.02328390929728756,2.1515921210825875,0.02142412821092237,0.06451592437908478,0.00797117113678976,7.357300421065845,0.7664587631528615,532,0.0036183206705846533,2.5434762159876485e-4,0.003623614037450755,3.232269561339231e-4
SYN22-5,2,italic('Synechococcus ') (WH8102),Optics,12,2022-08-25T08:00:00Z,2022-08-25,08:00:00,2022-11-28,2022-11-28T08:00:00Z,1511482143162.3872,NA,1.4538235363778045,0.01052420877412363,1.2510004734036824,0.0071903268493267,0.39022269721400066,0.01108172824601559,1.596633790508583,0.02328390929728756,2.1515921210825875,0.02142412821092237,0.06451592437908478,0.00797117113678976,7.357300421065845,0.7664587631528615,660,0.004456393551158496,1.533807527037966e-4,0.007482719332999358,3.789189747239699e-4
SYN22-5,2,italic('Synechococcus ') (WH8102),Optics,13,2022-08-25T10:00:00Z,2022-08-25,10:00:00,2022-11-28,2022-11-28T10:00:00Z,1631212410989.5386,NA,1.4447652339588943,0.02538792269409002,1.2491356956314352,0.02458141800935056,0.39035286260242014,0.01338135208439752,1.5541974145567266,0.04547199286248084,2.143134973541731,0.03311379627532576,0.0681782619832094,0.00780308257702372,7.70944826761629,0.7502964016368971,470,0.002773411446108851,4.706640089865032e-5,0.0022666551889983385,5.2416348075342415e-5
SYN22-5,2,italic('Synechococcus ') (WH8102),Optics,13,2022-08-25T10:00:00Z,2022-08-25,10:00:00,2022-11-28,2022-11-28T10:00:00Z,1631212410989.5386,NA,1.4447652339588943,0.02538792269409002,1.2491356956314352,0.02458141800935056,0.39035286260242014,0.01338135208439752,1.5541974145567266,0.04547199286248084,2.143134973541731,0.03311379627532576,0.0681782619832094,0.00780308257702372,7.70944826761629,0.7502964016368971,532,0.003936924357087754,8.914247607398967e-5,0.0039618674719695685,1.854712833037177e-4
SYN22-5,2,italic('Synechococcus ') (WH8102),Optics,13,2022-08-25T10:00:00Z,2022-08-25,10:00:00,2022-11-28,2022-11-28T10:00:00Z,1631212410989.5386,NA,1.4447652339588943,0.02538792269409002,1.2491356956314352,0.02458141800935056,0.39035286260242014,0.01338135208439752,1.5541974145567266,0.04547199286248084,2.143134973541731,0.03311379627532576,0.0681782619832094,0.00780308257702372,7.70944826761629,0.7502964016368971,660,0.004886249310204154,1.718098278546318e-4,0.008287524879520268,5.910371417183705e-4
SYN22-5,2,italic('Synechococcus ') (WH8102),Optics,14,2022-08-25T12:00:00Z,2022-08-25,12:00:00,2022-11-28,2022-11-28T12:00:00Z,1771443272659.4482,NA,1.4651761922854314,0.0193488366434127,1.25800600158586,0.01596168764148485,0.3885683357048693,0.01051186638881936,1.547147037154611,0.03010004331254654,2.126351335088855,0.03342596927396384,0.07246767657546549,0.00839200134107194,8.121891978410142,0.8069232058723023,470,0.0029429758081127152,3.854385655861251e-4,0.0022591845335743037,1.7731513714852265e-4
SYN22-5,2,italic('Synechococcus ') (WH8102),Optics,14,2022-08-25T12:00:00Z,2022-08-25,12:00:00,2022-11-28,2022-11-28T12:00:00Z,1771443272659.4482,NA,1.4651761922854314,0.0193488366434127,1.25800600158586,0.01596168764148485,0.3885683357048693,0.01051186638881936,1.547147037154611,0.03010004331254654,2.126351335088855,0.03342596927396384,0.07246767657546549,0.00839200134107194,8.121891978410142,0.8069232058723023,532,0.004187980888893721,5.634598918082677e-4,0.003927128233229148,3.9594018065022607e-4
SYN22-5,2,italic('Synechococcus ') (WH8102),Optics,14,2022-08-25T12:00:00Z,2022-08-25,12:00:00,2022-11-28,2022-11-28T12:00:00Z,1771443272659.4482,NA,1.4651761922854314,0.0193488366434127,1.25800600158586,0.01596168764148485,0.3885683357048693,0.01051186638881936,1.547147037154611,0.03010004331254654,2.126351335088855,0.03342596927396384,0.07246767657546549,0.00839200134107194,8.121891978410142,0.8069232058723023,660,0.005033888676932141,4.4748193493300824e-4,0.007920009883644568,8.585492871359811e-4
SYN22-5,2,italic('Synechococcus ') (WH8102),Optics,15,2022-08-25T14:00:00Z,2022-08-25,14:00:00,2022-11-28,2022-11-28T14:00:00Z,1831783392220.0225,NA,1.47269358128452,0.03470877488013264,1.242156170245807,0.02251593287177668,0.3888317491207853,0.01208168169898417,1.597568541218787,0.04482995206776455,2.1186548443475655,0.03542881527489207,0.07431337435025952,0.00944398470597757,8.299362918294184,0.9080754524978436,470,0.00287580250294567,4.13806158505173e-4,0.001960483465070752,2.366792188550765e-4
SYN22-5,2,italic('Synechococcus ') (WH8102),Optics,15,2022-08-25T14:00:00Z,2022-08-25,14:00:00,2022-11-28,2022-11-28T14:00:00Z,1831783392220.0225,NA,1.47269358128452,0.03470877488013264,1.242156170245807,0.02251593287177668,0.3888317491207853,0.01208168169898417,1.597568541218787,0.04482995206776455,2.1186548443475655,0.03542881527489207,0.07431337435025952,0.00944398470597757,8.299362918294184,0.9080754524978436,532,0.004057664139208699,2.112042654264172e-4,0.0033993771709854674,1.6111310716859906e-4
SYN22-5,2,italic('Synechococcus ') (WH8102),Optics,15,2022-08-25T14:00:00Z,2022-08-25,14:00:00,2022-11-28,2022-11-28T14:00:00Z,1831783392220.0225,NA,1.47269358128452,0.03470877488013264,1.242156170245807,0.02251593287177668,0.3888317491207853,0.01208168169898417,1.597568541218787,0.04482995206776455,2.1186548443475655,0.03542881527489207,0.07431337435025952,0.00944398470597757,8.299362918294184,0.9080754524978436,660,0.004716625358251484,1.6369610821631128e-4,0.006649400900255616,3.3635726837491373e-4
TP22-14,2,italic('T. Pseudonana'),Optics,1,2022-05-18T10:00:00Z,2022-05-18,10:00:00,2022-11-27,2022-11-27T10:00:00Z,7749000000,1453000000,0.7215775497014293,0.01747201571918791,1.499117797648574,0.00972255199741967,1.4514423917872186,0.00388840281105281,1.8132571556845936,0.00379965435785062,1.2276331012602375,0.00769373129610662,0.01757115180858127,0.00117501976363125,2.843379981594354,0.11298266957992824,470,0.001963001958973173,8.008651428933764e-4,0.005994224902451461,4.8652823598407073e-4
TP22-14,2,italic('T. Pseudonana'),Optics,1,2022-05-18T10:00:00Z,2022-05-18,10:00:00,2022-11-27,2022-11-27T10:00:00Z,7749000000,1453000000,0.7215775497014293,0.01747201571918791,1.499117797648574,0.00972255199741967,1.4514423917872186,0.00388840281105281,1.8132571556845936,0.00379965435785062,1.2276331012602375,0.00769373129610662,0.01757115180858127,0.00117501976363125,2.843379981594354,0.11298266957992824,532,0.00214057135438133,7.659709893350291e-4,0.006820875869973626,5.190895401430445e-4
TP22-14,2,italic('T. Pseudonana'),Optics,1,2022-05-18T10:00:00Z,2022-05-18,10:00:00,2022-11-27,2022-11-27T10:00:00Z,7749000000,1453000000,0.7215775497014293,0.01747201571918791,1.499117797648574,0.00972255199741967,1.4514423917872186,0.00388840281105281,1.8132571556845936,0.00379965435785062,1.2276331012602375,0.00769373129610662,0.01757115180858127,0.00117501976363125,2.843379981594354,0.11298266957992824,660,0.0019512165024976776,8.264765180474646e-4,0.007824167049383683,0.0010246485605555759
TP22-14,2,italic('T. Pseudonana'),Optics,2,2022-05-18T12:00:00Z,2022-05-18,12:00:00,2022-11-27,2022-11-27T12:00:00Z,7420000000,1550000000,0.8043787020081817,0.02236705767768179,1.524039575861733,0.01235987149649789,1.5101238721944756,0.00823809294155201,1.8721594282431264,0.00879972356015996,1.24650080554472,0.02061832066997275,0.01855273570754818,0.00161004043202529,2.93776304880271,0.15481158000243261,470,0.0016983772272389861,3.326727279027388e-4,0.005569032164904477,0.0015587869163841861
TP22-14,2,italic('T. Pseudonana'),Optics,2,2022-05-18T12:00:00Z,2022-05-18,12:00:00,2022-11-27,2022-11-27T12:00:00Z,7420000000,1550000000,0.8043787020081817,0.02236705767768179,1.524039575861733,0.01235987149649789,1.5101238721944756,0.00823809294155201,1.8721594282431264,0.00879972356015996,1.24650080554472,0.02061832066997275,0.01855273570754818,0.00161004043202529,2.93776304880271,0.15481158000243261,532,0.0017890438215999985,2.0429188914284523e-4,0.00586983803185676,6.352067333644676e-4
TP22-14,2,italic('T. Pseudonana'),Optics,2,2022-05-18T12:00:00Z,2022-05-18,12:00:00,2022-11-27,2022-11-27T12:00:00Z,7420000000,1550000000,0.8043787020081817,0.02236705767768179,1.524039575861733,0.01235987149649789,1.5101238721944756,0.00823809294155201,1.8721594282431264,0.00879972356015996,1.24650080554472,0.02061832066997275,0.01855273570754818,0.00161004043202529,2.93776304880271,0.15481158000243261,660,0.0016086926962713083,1.244501718144747e-4,0.006735093980834811,9.303552316455884e-4
TP22-14,2,italic('T. Pseudonana'),Optics,3,2022-05-18T14:00:00Z,2022-05-18,14:00:00,2022-11-27,2022-11-27T14:00:00Z,8719000000,1973000000,0.9429491642481976,0.01279644668013207,1.5878119700492452,0.00811836027612719,1.612261807320173,0.01535201811476635,2.0452103755549023,0.0081059079606275,1.3110911145590003,0.01467419581759937,0.02216951552133875,0.00171975007866119,3.2855303385902657,0.1653605844866533,470,0.0014808741411701954,5.121080960541517e-4,0.004024400359246575,4.5414146729933044e-4
TP22-14,2,italic('T. Pseudonana'),Optics,3,2022-05-18T14:00:00Z,2022-05-18,14:00:00,2022-11-27,2022-11-27T14:00:00Z,8719000000,1973000000,0.9429491642481976,0.01279644668013207,1.5878119700492452,0.00811836027612719,1.612261807320173,0.01535201811476635,2.0452103755549023,0.0081059079606275,1.3110911145590003,0.01467419581759937,0.02216951552133875,0.00171975007866119,3.2855303385902657,0.1653605844866533,532,0.0015477146932332136,4.688512811714679e-4,0.004122568794789786,2.774311270228491e-4
TP22-14,2,italic('T. Pseudonana'),Optics,3,2022-05-18T14:00:00Z,2022-05-18,14:00:00,2022-11-27,2022-11-27T14:00:00Z,8719000000,1973000000,0.9429491642481976,0.01279644668013207,1.5878119700492452,0.00811836027612719,1.612261807320173,0.01535201811476635,2.0452103755549023,0.0081059079606275,1.3110911145590003,0.01467419581759937,0.02216951552133875,0.00171975007866119,3.2855303385902657,0.1653605844866533,660,0.0012543452972259277,5.394263670802097e-4,0.0041273625977051205,6.778715419305316e-4
TP22-14,2,italic('T. Pseudonana'),Optics,4,2022-05-18T16:00:00Z,2022-05-18,16:00:00,2022-11-27,2022-11-27T16:00:00Z,8352000000,1133000000,0.9676869057926232,0.011030148587199501,1.6107202297133971,0.01690602177182539,1.5997077325171558,0.01080895382645023,2.0982093319388326,0.01331655150026112,1.3640536042607327,0.01879191506913847,0.02362557936662298,0.00102806354862439,3.425536477559902,0.0988522642908073,470,0.0016144664744279053,5.876773279200551e-4,0.003797144089390432,8.402685554730544e-4
TP22-14,2,italic('T. Pseudonana'),Optics,4,2022-05-18T16:00:00Z,2022-05-18,16:00:00,2022-11-27,2022-11-27T16:00:00Z,8352000000,1133000000,0.9676869057926232,0.011030148587199501,1.6107202297133971,0.01690602177182539,1.5997077325171558,0.01080895382645023,2.0982093319388326,0.01331655150026112,1.3640536042607327,0.01879191506913847,0.02362557936662298,0.00102806354862439,3.425536477559902,0.0988522642908073,532,0.0016786259929849005,4.549455316041363e-4,0.0037296460581158525,5.531436563511405e-4
TP22-14,2,italic('T. Pseudonana'),Optics,4,2022-05-18T16:00:00Z,2022-05-18,16:00:00,2022-11-27,2022-11-27T16:00:00Z,8352000000,1133000000,0.9676869057926232,0.011030148587199501,1.6107202297133971,0.01690602177182539,1.5997077325171558,0.01080895382645023,2.0982093319388326,0.01331655150026112,1.3640536042607327,0.01879191506913847,0.02362557936662298,0.00102806354862439,3.425536477559902,0.0988522642908073,660,0.0012988732320730503,5.91697522596687e-4,0.0032836798895907915,0.0011007543872879452
TP22-14,2,italic('T. Pseudonana'),Optics,5,2022-05-18T18:00:00Z,2022-05-18,18:00:00,2022-11-27,2022-11-27T18:00:00Z,12392000000,991000000,0.925212173857048,0.01094524713602262,1.5733432898272048,0.01099309267248522,1.5882576050606745,0.00872483336672741,2.0752285163415207,0.00847514150411641,1.3857479363408851,0.01850235061777185,0.03326743061099571,0.00242470110608382,4.352637558749588,0.23314433712344415,470,0.0017943439838614367,2.861363332094579e-4,0.0034630319879823588,1.6278616631785974e-4
TP22-14,2,italic('T. Pseudonana'),Optics,5,2022-05-18T18:00:00Z,2022-05-18,18:00:00,2022-11-27,2022-11-27T18:00:00Z,12392000000,991000000,0.925212173857048,0.01094524713602262,1.5733432898272048,0.01099309267248522,1.5882576050606745,0.00872483336672741,2.0752285163415207,0.00847514150411641,1.3857479363408851,0.01850235061777185,0.03326743061099571,0.00242470110608382,4.352637558749588,0.23314433712344415,532,0.0017687823607776304,3.859053873946939e-4,0.0030566797215200473,2.6539469866790745e-4
TP22-14,2,italic('T. Pseudonana'),Optics,5,2022-05-18T18:00:00Z,2022-05-18,18:00:00,2022-11-27,2022-11-27T18:00:00Z,12392000000,991000000,0.925212173857048,0.01094524713602262,1.5733432898272048,0.01099309267248522,1.5882576050606745,0.00872483336672741,2.0752285163415207,0.00847514150411641,1.3857479363408851,0.01850235061777185,0.03326743061099571,0.00242470110608382,4.352637558749588,0.23314433712344415,660,0.0014235216007063589,4.526514281011739e-4,0.0027190449405674133,5.914701570054477e-4
TP22-14,2,italic('T. Pseudonana'),Optics,6,2022-05-18T20:00:00Z,2022-05-18,20:00:00,2022-11-27,2022-11-27T20:00:00Z,10094000000,1476000000,0.8698963235710806,0.02200304903686239,1.5471914299989902,0.01685035074311888,1.5972885389382196,0.01625702257785548,2.059104418074467,0.01167521310439507,1.3929274293942888,0.01714598582426096,0.02785303912175598,0.00136925641686496,3.8320229924765368,0.13165927085240017,470,0.0015558566862301935,5.305644166758637e-4,0.00368605096038108,0.0013048447015514655
TP22-14,2,italic('T. Pseudonana'),Optics,6,2022-05-18T20:00:00Z,2022-05-18,20:00:00,2022-11-27,2022-11-27T20:00:00Z,10094000000,1476000000,0.8698963235710806,0.02200304903686239,1.5471914299989902,0.01685035074311888,1.5972885389382196,0.01625702257785548,2.059104418074467,0.01167521310439507,1.3929274293942888,0.01714598582426096,0.02785303912175598,0.00136925641686496,3.8320229924765368,0.13165927085240017,532,0.0016075618244210414,2.5226205646538007e-4,0.003421433043500163,5.586050841463624e-4
TP22-14,2,italic('T. Pseudonana'),Optics,6,2022-05-18T20:00:00Z,2022-05-18,20:00:00,2022-11-27,2022-11-27T20:00:00Z,10094000000,1476000000,0.8698963235710806,0.02200304903686239,1.5471914299989902,0.01685035074311888,1.5972885389382196,0.01625702257785548,2.059104418074467,0.01167521310439507,1.3929274293942888,0.01714598582426096,0.02785303912175598,0.00136925641686496,3.8320229924765368,0.13165927085240017,660,0.0013282629878027929,3.346051343741094e-4,0.0030648370557765097,7.892886873560582e-4
TP22-14,2,italic('T. Pseudonana'),Optics,7,2022-05-18T22:00:00Z,2022-05-18,22:00:00,2022-11-27,2022-11-27T22:00:00Z,8776000000,2443000000,0.8445060124429108,0.02293578914568413,1.5447454029130605,0.01151789421175898,1.5926658309319928,0.01285510187548641,2.0929513269565283,0.01023597279095436,1.376738874015657,0.02477062000567292,0.02421263386804831,0.00387879056453329,3.481984025773877,0.372960631205125,470,0.0012904475751008308,3.350030421128136e-4,0.0035617193238561117,7.248606763200819e-4
TP22-14,2,italic('T. Pseudonana'),Optics,7,2022-05-18T22:00:00Z,2022-05-18,22:00:00,2022-11-27,2022-11-27T22:00:00Z,8776000000,2443000000,0.8445060124429108,0.02293578914568413,1.5447454029130605,0.01151789421175898,1.5926658309319928,0.01285510187548641,2.0929513269565283,0.01023597279095436,1.376738874015657,0.02477062000567292,0.02421263386804831,0.00387879056453329,3.481984025773877,0.372960631205125,532,0.0012762098343722553,2.8860224378311674e-4,0.003210676891818434,2.586846412538625e-4
TP22-14,2,italic('T. Pseudonana'),Optics,7,2022-05-18T22:00:00Z,2022-05-18,22:00:00,2022-11-27,2022-11-27T22:00:00Z,8776000000,2443000000,0.8445060124429108,0.02293578914568413,1.5447454029130605,0.01151789421175898,1.5926658309319928,0.01285510187548641,2.0929513269565283,0.01023597279095436,1.376738874015657,0.02477062000567292,0.02421263386804831,0.00387879056453329,3.481984025773877,0.372960631205125,660,0.0010416850312038174,3.3441933466074256e-4,0.002883302813469707,1.5993855365034162e-4
TP22-14,2,italic('T. Pseudonana'),Optics,8,2022-05-19T00:00:00Z,2022-05-19,00:00:00,2022-11-28,2022-11-28T00:00:00Z,8625000000,561000000,0.7932054307382185,0.00700338841962039,1.5175181088036698,0.01136018997364415,1.5436800554121288,0.00365668295423791,2.0973316165423266,0.003061452240141,1.306019928047452,0.01475734805342208,0.02145761070328879,0.00452034402733415,3.217077952239307,0.43464846416674585,470,0.0010848338940334108,4.4220975053768234e-4,0.003008156389920175,4.950229860640997e-4
TP22-14,2,italic('T. Pseudonana'),Optics,8,2022-05-19T00:00:00Z,2022-05-19,00:00:00,2022-11-28,2022-11-28T00:00:00Z,8625000000,561000000,0.7932054307382185,0.00700338841962039,1.5175181088036698,0.01136018997364415,1.5436800554121288,0.00365668295423791,2.0973316165423266,0.003061452240141,1.306019928047452,0.01475734805342208,0.02145761070328879,0.00452034402733415,3.217077952239307,0.43464846416674585,532,0.0010176120485238778,5.102185480361441e-4,0.00269392719953322,9.986183479598369e-4
TP22-14,2,italic('T. Pseudonana'),Optics,8,2022-05-19T00:00:00Z,2022-05-19,00:00:00,2022-11-28,2022-11-28T00:00:00Z,8625000000,561000000,0.7932054307382185,0.00700338841962039,1.5175181088036698,0.01136018997364415,1.5436800554121288,0.00365668295423791,2.0973316165423266,0.003061452240141,1.306019928047452,0.01475734805342208,0.02145761070328879,0.00452034402733415,3.217077952239307,0.43464846416674585,660,8.621481474822468e-4,1.0829103069642163e-4,0.003041482405862888,7.543731283691617e-4
TP22-14,2,italic('T. Pseudonana'),Optics,9,2022-05-19T02:00:00Z,2022-05-19,02:00:00,2022-11-28,2022-11-28T02:00:00Z,10895000000,2462000000,0.7672215396513998,0.01133263589454377,1.4951531090545604,0.00434486924906384,1.540143925502181,0.00888901519645921,2.061641712473209,0.01329663865611504,1.2716928975172157,0.01263980403665485,0.02266447578015071,0.00135843375373344,3.333122671168338,0.13061863016667744,470,9.964672965174994e-4,1.3509812709537085e-4,0.0028559377514666626,2.451713656538524e-4
TP22-14,2,italic('T. Pseudonana'),Optics,9,2022-05-19T02:00:00Z,2022-05-19,02:00:00,2022-11-28,2022-11-28T02:00:00Z,10895000000,2462000000,0.7672215396513998,0.01133263589454377,1.4951531090545604,0.00434486924906384,1.540143925502181,0.00888901519645921,2.061641712473209,0.01329663865611504,1.2716928975172157,0.01263980403665485,0.02266447578015071,0.00135843375373344,3.333122671168338,0.13061863016667744,532,0.0010026903342910043,2.6345547618247594e-4,0.0028491550765014154,3.312719950020742e-4
TP22-14,2,italic('T. Pseudonana'),Optics,9,2022-05-19T02:00:00Z,2022-05-19,02:00:00,2022-11-28,2022-11-28T02:00:00Z,10895000000,2462000000,0.7672215396513998,0.01133263589454377,1.4951531090545604,0.00434486924906384,1.540143925502181,0.00888901519645921,2.061641712473209,0.01329663865611504,1.2716928975172157,0.01263980403665485,0.02266447578015071,0.00135843375373344,3.333122671168338,0.13061863016667744,660,6.550940217888041e-4,1.7232416912627523e-4,0.0025559048532788503,9.892007121068442e-4
TP22-14,2,italic('T. Pseudonana'),Optics,11,2022-05-19T06:00:00Z,2022-05-19,06:00:00,2022-11-28,2022-11-28T06:00:00Z,10800000000,5309000000,0.7104948694307165,0.00914355139941981,1.4830706383546888,0.01441745974763315,1.4894636143071156,0.01318965754138459,1.8874674444880593,0.01024303318408922,1.23774593809459,0.01353879623625647,0.02160889883850772,0.00148477772284914,3.23162488831805,0.1427670887354947,470,0.001303017710307035,2.0724429797985784e-4,0.004338376323588723,9.96825589422874e-4
TP22-14,2,italic('T. Pseudonana'),Optics,11,2022-05-19T06:00:00Z,2022-05-19,06:00:00,2022-11-28,2022-11-28T06:00:00Z,10800000000,5309000000,0.7104948694307165,0.00914355139941981,1.4830706383546888,0.01441745974763315,1.4894636143071156,0.01318965754138459,1.8874674444880593,0.01024303318408922,1.23774593809459,0.01353879623625647,0.02160889883850772,0.00148477772284914,3.23162488831805,0.1427670887354947,532,0.0011735157128198107,3.6248351378596996e-4,0.003912538380137728,8.453485745984952e-4
TP22-14,2,italic('T. Pseudonana'),Optics,11,2022-05-19T06:00:00Z,2022-05-19,06:00:00,2022-11-28,2022-11-28T06:00:00Z,10800000000,5309000000,0.7104948694307165,0.00914355139941981,1.4830706383546888,0.01441745974763315,1.4894636143071156,0.01318965754138459,1.8874674444880593,0.01024303318408922,1.23774593809459,0.01353879623625647,0.02160889883850772,0.00148477772284914,3.23162488831805,0.1427670887354947,660,8.539824590077326e-4,3.8460498032663875e-4,0.0038050526467006793,0.0012673505418959333
TP22-14,2,italic('T. Pseudonana'),Optics,12,2022-05-19T07:00:00Z,2022-05-19,07:00:00,2022-11-28,2022-11-28T07:00:00Z,10283000000,1627000000,0.6946621968381221,0.01136665113483735,1.4699806780611526,0.01486766054527739,1.4795732611580743,0.00837629601277401,1.8474624155829416,0.00967348329754214,1.2248402730126438,0.01209343936483746,0.02344089022657238,0.00312635595720831,3.407777906401191,0.3006111497315692,470,0.001230012298384334,1.7599356889981218e-4,0.0040103280606698915,4.1488865536738604e-4
TP22-14,2,italic('T. Pseudonana'),Optics,12,2022-05-19T07:00:00Z,2022-05-19,07:00:00,2022-11-28,2022-11-28T07:00:00Z,10283000000,1627000000,0.6946621968381221,0.01136665113483735,1.4699806780611526,0.01486766054527739,1.4795732611580743,0.00837629601277401,1.8474624155829416,0.00967348329754214,1.2248402730126438,0.01209343936483746,0.02344089022657238,0.00312635595720831,3.407777906401191,0.3006111497315692,532,0.0012880147869341134,1.1385430516599619e-4,0.004315434160874969,2.4947654945398166e-4
TP22-14,2,italic('T. Pseudonana'),Optics,12,2022-05-19T07:00:00Z,2022-05-19,07:00:00,2022-11-28,2022-11-28T07:00:00Z,10283000000,1627000000,0.6946621968381221,0.01136665113483735,1.4699806780611526,0.01486766054527739,1.4795732611580743,0.00837629601277401,1.8474624155829416,0.00967348329754214,1.2248402730126438,0.01209343936483746,0.02344089022657238,0.00312635595720831,3.407777906401191,0.3006111497315692,660,9.251482035835303e-4,2.846567250663118e-4,0.004222483614915715,9.108716067083183e-4
TP22-14,2,italic('T. Pseudonana'),Optics,13,2022-05-19T10:00:00Z,2022-05-19,10:00:00,2022-11-28,2022-11-28T10:00:00Z,7599000000,1141000000,0.6894551717411442,0.01316822101237407,1.4676692805504126,0.01412197213694888,1.4783080695316106,0.02116301497029757,1.8339734194399628,0.01249118110564024,1.2342054414284411,0.01890605203870063,0.02082061160547483,0.00187459192907487,3.1558280389879645,0.18024922394950707,470,9.51121999571324e-4,2.493121707445561e-4,0.0035432820484078754,0.001149331742676331
TP22-14,2,italic('T. Pseudonana'),Optics,13,2022-05-19T10:00:00Z,2022-05-19,10:00:00,2022-11-28,2022-11-28T10:00:00Z,7599000000,1141000000,0.6894551717411442,0.01316822101237407,1.4676692805504126,0.01412197213694888,1.4783080695316106,0.02116301497029757,1.8339734194399628,0.01249118110564024,1.2342054414284411,0.01890605203870063,0.02082061160547483,0.00187459192907487,3.1558280389879645,0.18024922394950707,532,8.509834116275295e-4,2.764376884637474e-4,0.003277042030268052,0.0012640091655850602
TP22-14,2,italic('T. Pseudonana'),Optics,13,2022-05-19T10:00:00Z,2022-05-19,10:00:00,2022-11-28,2022-11-28T10:00:00Z,7599000000,1141000000,0.6894551717411442,0.01316822101237407,1.4676692805504126,0.01412197213694888,1.4783080695316106,0.02116301497029757,1.8339734194399628,0.01249118110564024,1.2342054414284411,0.01890605203870063,0.02082061160547483,0.00187459192907487,3.1558280389879645,0.18024922394950707,660,7.824559747920739e-4,1.499213593233626e-4,0.004042475552369604,8.494198084613791e-4
