exp,exp_no,phyto,source,bottle,tp,datetime,date,time,plot_date,plot_datetime,cells,grn,yel,red,fsc,ssc
TP22-13,1,italic('T. Pseudonana'),Culture,A,1,2022-05-09T08:00:00Z,2022-05-09,08:00:00,2022-11-27,2022-11-27T08:00:00Z,457740,0.7385583964144662,1.503551849539477,1.4844487184637158,1.8526094081360136,1.2484444620072657
TP22-13,1,italic('T. Pseudonana'),Culture,A,2,2022-05-09T09:00:00Z,2022-05-09,09:00:00,2022-11-27,2022-11-27T09:00:00Z,465066,0.7284396200212916,1.489638066157425,1.4769946376310747,1.8384002831124238,1.2453515426248523
TP22-13,1,italic('T. Pseudonana'),Culture,A,3,2022-05-09T11:00:00Z,2022-05-09,11:00:00,2022-11-27,2022-11-27T11:00:00Z,441130,0.8283539787817333,1.5235883899211629,1.5417091653067212,1.91843740503448,1.288115908583614
TP22-13,1,italic('T. Pseudonana'),Culture,A,4,2022-05-09T13:00:00Z,2022-05-09,13:00:00,2022-11-27,2022-11-27T13:00:00Z,409849,1.2412024672667774,1.7540043654168396,1.619181792458606,2.104102694558047,1.3444274283274207
TP22-13,1,italic('T. Pseudonana'),Culture,A,5,2022-05-09T15:00:00Z,2022-05-09,15:00:00,2022-11-27,2022-11-27T15:00:00Z,437665,1.1733618245982163,1.7038684441928669,1.6387451335554104,2.1318624266572996,1.419305607587946
TP22-13,1,italic('T. Pseudonana'),Culture,A,6,2022-05-09T17:00:00Z,2022-05-09,17:00:00,2022-11-27,2022-11-27T17:00:00Z,542243,1.1222865148671028,1.6726935416821531,1.6283495760324176,2.087371555803499,1.4560044068792894
TP22-13,1,italic('T. Pseudonana'),Culture,A,7,2022-05-09T19:00:00Z,2022-05-09,19:00:00,2022-11-27,2022-11-27T19:00:00Z,544330,1.0675899488143874,1.6409484733176622,1.6832408954031797,2.0610679502371982,1.4732402705748862
TP22-13,1,italic('T. Pseudonana'),Culture,A,8,2022-05-09T21:00:00Z,2022-05-09,21:00:00,2022-11-27,2022-11-27T21:00:00Z,549538,0.9553451539518473,1.5866810289717448,1.6866947831838126,2.0955044311039233,1.4214073851735023
TP22-13,1,italic('T. Pseudonana'),Culture,A,9,2022-05-09T23:00:00Z,2022-05-09,23:00:00,2022-11-27,2022-11-27T23:00:00Z,525232,0.8950146110899169,1.552518815923262,1.6415348493664477,2.14281788551969,1.374650493271224
TP22-13,1,italic('T. Pseudonana'),Culture,A,10,2022-05-10T01:00:00Z,2022-05-10,01:00:00,2022-11-28,2022-11-28T01:00:00Z,507732,0.8868379915021479,1.5399635592572534,1.6111090370867291,2.130422758102439,1.3341038134982623
TP22-13,1,italic('T. Pseudonana'),Culture,A,11,2022-05-10T03:00:00Z,2022-05-10,03:00:00,2022-11-28,2022-11-28T03:00:00Z,501092,0.8670490324873379,1.5392990450885844,1.5854294940991256,2.0685088281275266,1.3212958994282247
TP22-13,1,italic('T. Pseudonana'),Culture,A,12,2022-05-10T05:00:00Z,2022-05-10,05:00:00,2022-11-28,2022-11-28T05:00:00Z,507118,0.83635441717887,1.5304237676910146,1.5558635360732158,1.9801756379202986,1.3055676661290139
TP22-13,1,italic('T. Pseudonana'),Culture,A,13,2022-05-10T08:00:00Z,2022-05-10,08:00:00,2022-11-28,2022-11-28T08:00:00Z,477156,0.8050406456153621,1.5243539634684022,1.5435859800124259,1.9020834982067754,1.2977652661515915
TP22-14,2,italic('T. Pseudonana'),Culture,A,1,2022-05-18T09:00:00Z,2022-05-18,09:00:00,2022-11-27,2022-11-27T09:00:00Z,513080,0.7244045056274278,1.4789266300315482,1.4644097515255523,1.8364300795819297,1.2665363675677357
TP22-14,2,italic('T. Pseudonana'),Culture,B,1,2022-05-18T09:00:00Z,2022-05-18,09:00:00,2022-11-27,2022-11-27T09:00:00Z,500876,0.7242213997359502,1.4806866522343765,1.4791986501627195,1.8332234358593054,1.261286390509018
TP22-14,2,italic('T. Pseudonana'),Culture,C,1,2022-05-18T09:00:00Z,2022-05-18,09:00:00,2022-11-27,2022-11-27T09:00:00Z,508248,0.6973246117336318,1.4711038858180774,1.4672657429144975,1.8211182033846536,1.2423977294135633
TP22-14,2,italic('T. Pseudonana'),Culture,A,2,2022-05-18T11:00:00Z,2022-05-18,11:00:00,2022-11-27,2022-11-27T11:00:00Z,525571,0.8081903725845478,1.504750145446541,1.5274836852153366,1.9033489558927421,1.2769056694916574
TP22-14,2,italic('T. Pseudonana'),Culture,B,2,2022-05-18T11:00:00Z,2022-05-18,11:00:00,2022-11-27,2022-11-27T11:00:00Z,504972,0.803173018350424,1.5078324725612537,1.548960530311935,1.8986149173092255,1.2807220586982404
TP22-14,2,italic('T. Pseudonana'),Culture,C,2,2022-05-18T11:00:00Z,2022-05-18,11:00:00,2022-11-27,2022-11-27T11:00:00Z,504689,0.7960626460286275,1.505971516079948,1.5473673836289794,1.8937597751960764,1.2676504572585596
TP22-14,2,italic('T. Pseudonana'),Culture,A,3,2022-05-18T13:00:00Z,2022-05-18,13:00:00,2022-11-27,2022-11-27T13:00:00Z,500762,0.9814815490026441,1.592333232385445,1.599046039831864,2.084363413081502,1.333908371836558
TP22-14,2,italic('T. Pseudonana'),Culture,B,3,2022-05-18T13:00:00Z,2022-05-18,13:00:00,2022-11-27,2022-11-27T13:00:00Z,502796,0.9939605558757636,1.5879415742748255,1.6315798116502438,2.086050808197588,1.343231717482047
TP22-14,2,italic('T. Pseudonana'),Culture,C,3,2022-05-18T13:00:00Z,2022-05-18,13:00:00,2022-11-27,2022-11-27T13:00:00Z,500706,0.9898534496792777,1.5950294983180564,1.6274075732063793,2.0771537400139106,1.3364246477698871
TP22-14,2,italic('T. Pseudonana'),Culture,A,4,2022-05-18T15:00:00Z,2022-05-18,15:00:00,2022-11-27,2022-11-27T15:00:00Z,495960,1.0470601848761492,1.6257926957859774,1.6010914085878558,2.10809814025567,1.4182118196545557
TP22-14,2,italic('T. Pseudonana'),Culture,B,4,2022-05-18T15:00:00Z,2022-05-18,15:00:00,2022-11-27,2022-11-27T15:00:00Z,477938,1.0494917486848645,1.6210411460418985,1.629600913454828,2.110082226080304,1.4186628871235567
TP22-14,2,italic('T. Pseudonana'),Culture,C,4,2022-05-18T15:00:00Z,2022-05-18,15:00:00,2022-11-27,2022-11-27T15:00:00Z,500396,1.037387132961951,1.613540872638164,1.6186623918929945,2.0969750170525403,1.4022894424580175
TP22-14,2,italic('T. Pseudonana'),Culture,A,5,2022-05-18T17:00:00Z,2022-05-18,17:00:00,2022-11-27,2022-11-27T17:00:00Z,704272,1.0030073210119643,1.6001158772558712,1.5988527142354143,2.0779739500242487,1.446008674293212
TP22-14,2,italic('T. Pseudonana'),Culture,B,5,2022-05-18T17:00:00Z,2022-05-18,17:00:00,2022-11-27,2022-11-27T17:00:00Z,705958,0.9987772351469932,1.595289054565813,1.6216210967890134,2.074427250945481,1.4376426730749858
TP22-14,2,italic('T. Pseudonana'),Culture,C,5,2022-05-18T17:00:00Z,2022-05-18,17:00:00,2022-11-27,2022-11-27T17:00:00Z,728450,0.9920784635803348,1.5940061055130794,1.6125213858063854,2.0738800145221266,1.4308241238724082
TP22-14,2,italic('T. Pseudonana'),Culture,A,6,2022-05-18T19:00:00Z,2022-05-18,19:00:00,2022-11-27,2022-11-27T19:00:00Z,537803,0.9592708075528904,1.5822313834181845,1.6342041482716638,2.0667805351943325,1.4789524172196553
TP22-14,2,italic('T. Pseudonana'),Culture,B,6,2022-05-18T19:00:00Z,2022-05-18,19:00:00,2022-11-27,2022-11-27T19:00:00Z,578096,0.9355810762157817,1.5609315960016847,1.637044674991948,2.0661669356505383,1.455768439768634
TP22-14,2,italic('T. Pseudonana'),Culture,C,6,2022-05-18T19:00:00Z,2022-05-18,19:00:00,2022-11-27,2022-11-27T19:00:00Z,656043,0.9170387102081241,1.5708690967390604,1.630423121335982,2.0733570053335666,1.4416941357767714
TP22-14,2,italic('T. Pseudonana'),Culture,A,7,2022-05-18T21:00:00Z,2022-05-18,21:00:00,2022-11-27,2022-11-27T21:00:00Z,618983,0.8824974506346379,1.5571198211192463,1.6725853829827886,2.1138800854119717,1.468425651615708
TP22-14,2,italic('T. Pseudonana'),Culture,B,7,2022-05-18T21:00:00Z,2022-05-18,21:00:00,2022-11-27,2022-11-27T21:00:00Z,558066,0.8484539072068124,1.5419853314198115,1.653048197186496,2.0983759749846795,1.4476623932714703
TP22-14,2,italic('T. Pseudonana'),Culture,C,7,2022-05-18T21:00:00Z,2022-05-18,21:00:00,2022-11-27,2022-11-27T21:00:00Z,629450,0.8226356459704824,1.5233709181773132,1.6294261375666492,2.0950836218980102,1.4102285950636313
TP22-14,2,italic('T. Pseudonana'),Culture,A,8,2022-05-18T23:00:00Z,2022-05-18,23:00:00,2022-11-27,2022-11-27T23:00:00Z,622916,0.8051866581650664,1.5010776107601622,1.5859887663300603,2.120829359126084,1.3656836292299224
TP22-14,2,italic('T. Pseudonana'),Culture,B,8,2022-05-18T23:00:00Z,2022-05-18,23:00:00,2022-11-27,2022-11-27T23:00:00Z,546612,0.7829414066622054,1.5124161970444674,1.5830494296248987,2.1147513374467746,1.3573913322896303
TP22-14,2,italic('T. Pseudonana'),Culture,C,8,2022-05-18T23:00:00Z,2022-05-18,23:00:00,2022-11-27,2022-11-27T23:00:00Z,475820,0.7781546447927816,1.4906779883216579,1.5640077555868657,2.1071115746373827,1.326790734184573
TP22-14,2,italic('T. Pseudonana'),Culture,A,9,2022-05-19T01:00:00Z,2022-05-19,01:00:00,2022-11-28,2022-11-28T01:00:00Z,526280,0.7893477041340459,1.5006555744315493,1.5618784250818836,2.110627880558851,1.3359142931590564
TP22-14,2,italic('T. Pseudonana'),Culture,B,9,2022-05-19T01:00:00Z,2022-05-19,01:00:00,2022-11-28,2022-11-28T01:00:00Z,618220,0.7665065071220569,1.478605667588078,1.5573544533287715,2.0960003089652437,1.3313194731788063
TP22-14,2,italic('T. Pseudonana'),Culture,C,9,2022-05-19T01:00:00Z,2022-05-19,01:00:00,2022-11-28,2022-11-28T01:00:00Z,585756,0.7588033237519483,1.4646025998811987,1.5392104587010076,2.078060766719861,1.299847602580468
TP22-14,2,italic('T. Pseudonana'),Culture,A,10,2022-05-19T03:00:00Z,2022-05-19,03:00:00,2022-11-28,2022-11-28T03:00:00Z,500650,0.7610262045597349,1.4911472186400956,1.5411122175669008,2.0398098419966098,1.312524281086006
TP22-14,2,italic('T. Pseudonana'),Culture,B,10,2022-05-19T03:00:00Z,2022-05-19,03:00:00,2022-11-28,2022-11-28T03:00:00Z,589896,0.7329531247038451,1.4733180975471343,1.5305105099477614,2.0158826949408852,1.296209406029468
TP22-14,2,italic('T. Pseudonana'),Culture,C,10,2022-05-19T03:00:00Z,2022-05-19,03:00:00,2022-11-28,2022-11-28T03:00:00Z,652814,0.7265742865527463,1.4671002437829392,1.5220005678448763,2.005775556747693,1.2779318859744748
TP22-14,2,italic('T. Pseudonana'),Culture,A,11,2022-05-19T05:00:00Z,2022-05-19,05:00:00,2022-11-28,2022-11-28T05:00:00Z,481917,0.7139653355093665,1.4744863233038346,1.515818765769004,1.9481853001624732,1.2873203972821443
TP22-14,2,italic('T. Pseudonana'),Culture,B,11,2022-05-19T05:00:00Z,2022-05-19,05:00:00,2022-11-28,2022-11-28T05:00:00Z,593286,0.6994031124626109,1.4639982827803415,1.5153749715938343,1.934876866058497,1.2771214078759576
TP22-14,2,italic('T. Pseudonana'),Culture,C,11,2022-05-19T05:00:00Z,2022-05-19,05:00:00,2022-11-28,2022-11-28T05:00:00Z,757623,0.7117302261165206,1.4690678122246543,1.5227072571505365,1.9393511577630362,1.286259548950531
TP22-14,2,italic('T. Pseudonana'),Culture,A,12,2022-05-19T07:00:00Z,2022-05-19,07:00:00,2022-11-28,2022-11-28T07:00:00Z,633253,0.7056386238709208,1.4733379572479754,1.5252111369431607,1.89354413767542,1.2842201734438603
TP22-14,2,italic('T. Pseudonana'),Culture,B,12,2022-05-19T07:00:00Z,2022-05-19,07:00:00,2022-11-28,2022-11-28T07:00:00Z,609160,0.6828407630070559,1.4521342675848565,1.518170746335491,1.881652894017098,1.2705375009014215
TP22-14,2,italic('T. Pseudonana'),Culture,C,12,2022-05-19T07:00:00Z,2022-05-19,07:00:00,2022-11-28,2022-11-28T07:00:00Z,706742,0.68748956508301,1.4552466084778781,1.5144925299419962,1.8758903829442892,1.2593851102065452
TP22-14,2,italic('T. Pseudonana'),Culture,A,13,2022-05-19T09:00:00Z,2022-05-19,09:00:00,2022-11-28,2022-11-28T09:00:00Z,476356,0.685711056625403,1.4595681998721806,1.4977606745181404,1.8508704606194974,1.2688339253888792
TP22-14,2,italic('T. Pseudonana'),Culture,B,13,2022-05-19T09:00:00Z,2022-05-19,09:00:00,2022-11-28,2022-11-28T09:00:00Z,451554,0.6761029838577536,1.4590544589344376,1.494468452297822,1.8498790960857008,1.2660143364436858
TP22-14,2,italic('T. Pseudonana'),Culture,C,13,2022-05-19T09:00:00Z,2022-05-19,09:00:00,2022-11-28,2022-11-28T09:00:00Z,516186,0.6675026181432197,1.4597246722892285,1.4851491194559405,1.8357506422745853,1.254065319320481
SYN22-4,1,italic('Synechococcus ') (WH8102),Culture,A,1,2022-08-16T09:00:00Z,2022-08-16,09:00:00,2022-11-27,2022-11-27T09:00:00Z,7186035,1.4738123181457778,1.2832211954390949,0.4220106101568211,1.6640288032146753,2.1959808614713934
SYN22-4,1,italic('Synechococcus ') (WH8102),Culture,B,1,2022-08-16T09:00:00Z,2022-08-16,09:00:00,2022-11-27,2022-11-27T09:00:00Z,7735780,1.4816353941085842,1.2901580023786348,0.4248048669942743,1.629170961468636,2.1931021834024977
SYN22-4,1,italic('Synechococcus ') (WH8102),Culture,A,2,2022-08-16T11:00:00Z,2022-08-16,11:00:00,2022-11-27,2022-11-27T11:00:00Z,7208005,1.5271696440272562,1.3319840331610848,0.4325428161095817,1.6506946361963235,2.1800555556813417
SYN22-4,1,italic('Synechococcus ') (WH8102),Culture,B,2,2022-08-16T11:00:00Z,2022-08-16,11:00:00,2022-11-27,2022-11-27T11:00:00Z,7593135,1.5351978171049279,1.3295180559847894,0.4284142317059803,1.6138013083882115,2.161371666417073
SYN22-4,1,italic('Synechococcus ') (WH8102),Culture,A,3,2022-08-16T13:00:00Z,2022-08-16,13:00:00,2022-11-27,2022-11-27T13:00:00Z,7008980,1.5527416053242984,1.2828717011053454,0.4199765166322228,1.6984925361780019,2.1806468444606772
SYN22-4,1,italic('Synechococcus ') (WH8102),Culture,B,3,2022-08-16T13:00:00Z,2022-08-16,13:00:00,2022-11-27,2022-11-27T13:00:00Z,6956730,1.5698872149144782,1.34493091779153,0.4307638251392659,1.6711416058686774,2.1740864737993153
SYN22-4,1,italic('Synechococcus ') (WH8102),Culture,A,4,2022-08-16T15:00:00Z,2022-08-16,15:00:00,2022-11-27,2022-11-27T15:00:00Z,7175250,1.5364181440363602,1.3739173499508484,0.46567055411848696,1.7625648009196577,2.1441115276381995
SYN22-4,1,italic('Synechococcus ') (WH8102),Culture,B,4,2022-08-16T15:00:00Z,2022-08-16,15:00:00,2022-11-27,2022-11-27T15:00:00Z,8190195,1.5566087497419956,1.3408084857995353,0.4525571070537603,1.774377041670168,2.1427456815626265
SYN22-4,1,italic('Synechococcus ') (WH8102),Culture,A,5,2022-08-16T17:00:00Z,2022-08-16,17:00:00,2022-11-27,2022-11-27T17:00:00Z,7083940,1.5304055810337212,1.3085503089313968,0.4278867069930681,1.9046445898394317,2.205800120501615
SYN22-4,1,italic('Synechococcus ') (WH8102),Culture,B,5,2022-08-16T17:00:00Z,2022-08-16,17:00:00,2022-11-27,2022-11-27T17:00:00Z,7646230,1.5839389510820046,1.374560124020112,0.44340228098719325,1.8761226639366102,2.192876226253247
SYN22-4,1,italic('Synechococcus ') (WH8102),Culture,A,6,2022-08-16T19:00:00Z,2022-08-16,19:00:00,2022-11-27,2022-11-27T19:00:00Z,9044125,1.5163017775176528,1.3039851166029797,0.4467121249444476,1.9305354415006737,2.2226167826945957
SYN22-4,1,italic('Synechococcus ') (WH8102),Culture,B,6,2022-08-16T19:00:00Z,2022-08-16,19:00:00,2022-11-27,2022-11-27T19:00:00Z,8962425,1.5639227188536555,1.3728002646417012,0.4596041691825809,1.8930059077238723,2.1965863784292856
SYN22-4,1,italic('Synechococcus ') (WH8102),Culture,A,7,2022-08-16T21:00:00Z,2022-08-16,21:00:00,2022-11-27,2022-11-27T21:00:00Z,9919140,1.5047924500730963,1.2925153786491506,0.4445547683648924,1.9128154896628053,2.2271503099108925
SYN22-4,1,italic('Synechococcus ') (WH8102),Culture,B,7,2022-08-16T21:00:00Z,2022-08-16,21:00:00,2022-11-27,2022-11-27T21:00:00Z,11035840,1.5617062834139532,1.377481525380888,0.4700654214216268,1.8951883169144972,2.218308525408145
SYN22-4,1,italic('Synechococcus ') (WH8102),Culture,A,8,2022-08-16T23:00:00Z,2022-08-16,23:00:00,2022-11-27,2022-11-27T23:00:00Z,10893700,1.4956957020706474,1.2951743960717277,0.45748313035362553,1.8536923535155925,2.2173225280524433
SYN22-4,1,italic('Synechococcus ') (WH8102),Culture,B,8,2022-08-16T23:00:00Z,2022-08-16,23:00:00,2022-11-27,2022-11-27T23:00:00Z,10201130,1.5379402886046485,1.3149727893009115,0.46043875489615227,1.8601033331529297,2.229804031832675
SYN22-4,1,italic('Synechococcus ') (WH8102),Culture,A,9,2022-08-17T03:00:00Z,2022-08-17,03:00:00,2022-11-28,2022-11-28T03:00:00Z,9843360,1.5105756436936217,1.3244884595209891,0.450407650776575,1.7825634951792853,2.251335498034983
SYN22-4,1,italic('Synechococcus ') (WH8102),Culture,B,9,2022-08-17T03:00:00Z,2022-08-17,03:00:00,2022-11-28,2022-11-28T03:00:00Z,9913050,1.5519904094665025,1.3585722934827222,0.46170451919155464,1.7724584246452055,2.2315974944685846
SYN22-4,1,italic('Synechococcus ') (WH8102),Culture,A,10,2022-08-17T07:00:00Z,2022-08-17,07:00:00,2022-11-28,2022-11-28T07:00:00Z,9209890,1.5066060913131807,1.329237875862737,0.45822643073374036,1.7018538065204563,2.2338424043047196
SYN22-4,1,italic('Synechococcus ') (WH8102),Culture,B,10,2022-08-17T07:00:00Z,2022-08-17,07:00:00,2022-11-28,2022-11-28T07:00:00Z,10858355,1.5240529245088705,1.342144928672096,0.45413944924690725,1.6632008535400897,2.207169417210674
SYN22-4,1,italic('Synechococcus ') (WH8102),Culture,A,11,2022-08-17T09:00:00Z,2022-08-17,09:00:00,2022-11-28,2022-11-28T09:00:00Z,9739865,1.5187903253298738,1.3422353256837993,0.4575998054252358,1.6564361136764183,2.227232429588603
SYN22-4,1,italic('Synechococcus ') (WH8102),Culture,B,11,2022-08-17T09:00:00Z,2022-08-17,09:00:00,2022-11-28,2022-11-28T09:00:00Z,9524595,1.5249626286799447,1.3355746916731874,0.45047106542628357,1.6469005020038245,2.170555922844841
SYN22-4,1,italic('Synechococcus ') (WH8102),Culture,A,12,2022-08-17T11:00:00Z,2022-08-17,11:00:00,2022-11-28,2022-11-28T11:00:00Z,10873665,1.5551378345867541,1.3566144326003802,0.46288066660993765,1.6674998608440768,2.210584622971485
SYN22-4,1,italic('Synechococcus ') (WH8102),Culture,B,12,2022-08-17T11:00:00Z,2022-08-17,11:00:00,2022-11-28,2022-11-28T11:00:00Z,10856370,1.55515572211182,1.3560885091585562,0.4620349666908229,1.6315489047337235,2.1919891669358993
SYN22-4,1,italic('Synechococcus ') (WH8102),Culture,A,13,2022-08-17T13:00:00Z,2022-08-17,13:00:00,2022-11-28,2022-11-28T13:00:00Z,10104520,1.5405290601602086,1.3394636887380331,0.4542656278595235,1.7295066231635778,2.196977624777846
SYN22-4,1,italic('Synechococcus ') (WH8102),Culture,B,13,2022-08-17T13:00:00Z,2022-08-17,13:00:00,2022-11-28,2022-11-28T13:00:00Z,11339820,1.5536865592701417,1.3384347854400684,0.4567949413532366,1.700628266113597,2.179720264937275
SYN22-4,1,italic('Synechococcus ') (WH8102),Culture,A,14,2022-08-17T15:00:00Z,2022-08-17,15:00:00,2022-11-28,2022-11-28T15:00:00Z,10406820,1.5520677209165887,1.3534667825996554,0.46564159793867943,1.8262951008345896,2.2111120302899616
SYN22-4,1,italic('Synechococcus ') (WH8102),Culture,B,14,2022-08-17T15:00:00Z,2022-08-17,15:00:00,2022-11-28,2022-11-28T15:00:00Z,10066105,1.5757956276696796,1.3612309700038514,0.46581619902919125,1.8170400791186565,2.21812156592432
SYN22-4,1,italic('Synechococcus ') (WH8102),Culture,A,15,2022-08-17T17:00:00Z,2022-08-17,17:00:00,2022-11-28,2022-11-28T17:00:00Z,11468725,1.5862238390762018,1.402461066755934,0.4818995725206844,1.8945702947379268,2.198777116641463
SYN22-4,1,italic('Synechococcus ') (WH8102),Culture,B,15,2022-08-17T17:00:00Z,2022-08-17,17:00:00,2022-11-28,2022-11-28T17:00:00Z,11477820,1.5682432913605615,1.3488493198947196,0.46735776966554704,1.877173766796715,2.234103589889505
SYN22-4,1,italic('Synechococcus ') (WH8102),Culture,A,16,2022-08-17T22:00:00Z,2022-08-17,22:00:00,2022-11-28,2022-11-28T22:00:00Z,14573190,1.5647594007964283,1.3701813869773987,0.49038789448227904,1.8729683598625724,2.252458707562378
SYN22-4,1,italic('Synechococcus ') (WH8102),Culture,B,16,2022-08-17T22:00:00Z,2022-08-17,22:00:00,2022-11-28,2022-11-28T22:00:00Z,13688750,1.5987968124353276,1.4296737473958405,0.5055984855514661,1.8779452645098687,2.2377168295040786
SYN22-5,2,italic('Synechococcus ') (WH8102),Culture,A,1,2022-08-24T09:00:00Z,2022-08-24,09:00:00,2022-11-27,2022-11-27T09:00:00Z,8181094.713219135,1.5103804458387162,1.3126592139280442,0.440490665188102,1.6599845129673918,2.2241305805696836
SYN22-5,2,italic('Synechococcus ') (WH8102),Culture,B,1,2022-08-24T09:00:00Z,2022-08-24,09:00:00,2022-11-27,2022-11-27T09:00:00Z,10393171.142342538,1.523145789605746,1.3201103788012036,0.43939665173760406,1.6737564366227753,2.2376251974364436
SYN22-5,2,italic('Synechococcus ') (WH8102),Culture,C,1,2022-08-24T09:00:00Z,2022-08-24,09:00:00,2022-11-27,2022-11-27T09:00:00Z,15444952.276823636,1.5049979882301416,1.297741449883564,0.4370095160690032,1.6180042925672766,2.228068131770255
SYN22-5,2,italic('Synechococcus ') (WH8102),Culture,D,1,2022-08-24T09:00:00Z,2022-08-24,09:00:00,2022-11-27,2022-11-27T09:00:00Z,NA,1.529262722018305,1.3297325161454474,0.4376200693920367,1.6776016287842679,2.264418291052273
SYN22-5,2,italic('Synechococcus ') (WH8102),Culture,A,2,2022-08-24T11:00:00Z,2022-08-24,11:00:00,2022-11-27,2022-11-27T11:00:00Z,8317783.267026966,1.5415128374465454,1.3711808686248115,0.4776281198106859,1.5661434842388795,2.228357094103641
SYN22-5,2,italic('Synechococcus ') (WH8102),Culture,B,2,2022-08-24T11:00:00Z,2022-08-24,11:00:00,2022-11-27,2022-11-27T11:00:00Z,11358534.053610347,1.5630674518008842,1.373001587562504,0.4734646142678992,1.6249677464318233,2.234272547622261
SYN22-5,2,italic('Synechococcus ') (WH8102),Culture,C,2,2022-08-24T11:00:00Z,2022-08-24,11:00:00,2022-11-27,2022-11-27T11:00:00Z,8937153.276468702,1.621755884160033,1.4994513036112282,0.5101572699656386,1.6126105169180742,2.2150816967425784
SYN22-5,2,italic('Synechococcus ') (WH8102),Culture,D,2,2022-08-24T11:00:00Z,2022-08-24,11:00:00,2022-11-27,2022-11-27T11:00:00Z,NA,1.5800198816226365,1.4047922093271819,0.4745428864641148,1.6378675520559058,2.239487267359761
SYN22-5,2,italic('Synechococcus ') (WH8102),Culture,A,3,2022-08-24T13:00:00Z,2022-08-24,13:00:00,2022-11-27,2022-11-27T13:00:00Z,7529403.556158256,1.5953015386504508,1.3382173718761508,0.4450896337703271,1.7353559691709828,2.2438574725137754
SYN22-5,2,italic('Synechococcus ') (WH8102),Culture,B,3,2022-08-24T13:00:00Z,2022-08-24,13:00:00,2022-11-27,2022-11-27T13:00:00Z,9411861.233130483,1.6080441647118093,1.3100099159114946,0.4427929185095757,1.7127549909523894,2.2209335320212444
SYN22-5,2,italic('Synechococcus ') (WH8102),Culture,C,3,2022-08-24T13:00:00Z,2022-08-24,13:00:00,2022-11-27,2022-11-27T13:00:00Z,14745135.358109582,1.6147798799217803,1.3589655471573165,0.4509269520968322,1.6816921345349363,2.214519201748842
SYN22-5,2,italic('Synechococcus ') (WH8102),Culture,D,3,2022-08-24T13:00:00Z,2022-08-24,13:00:00,2022-11-27,2022-11-27T13:00:00Z,NA,1.6094793870403377,1.3293171858905184,0.45117212447612687,1.722289075644619,2.2167408357346137
SYN22-5,2,italic('Synechococcus ') (WH8102),Culture,A,4,2022-08-24T15:00:00Z,2022-08-24,15:00:00,2022-11-27,2022-11-27T15:00:00Z,6033233.42760337,1.552695940509255,1.3229562359681912,0.4409199825475941,1.7625847692581629,2.199597497226036
SYN22-5,2,italic('Synechococcus ') (WH8102),Culture,B,4,2022-08-24T15:00:00Z,2022-08-24,15:00:00,2022-11-27,2022-11-27T15:00:00Z,14503937.014202848,1.6766285045663487,1.5971390578385596,0.541647885892571,1.6322333026278255,2.1596146709206803
SYN22-5,2,italic('Synechococcus ') (WH8102),Culture,C,4,2022-08-24T15:00:00Z,2022-08-24,15:00:00,2022-11-27,2022-11-27T15:00:00Z,11421182.974105602,1.597982110169541,1.3766547705963736,0.46558997211237985,1.7583643492533416,2.2299310242611554
SYN22-5,2,italic('Synechococcus ') (WH8102),Culture,D,4,2022-08-24T15:00:00Z,2022-08-24,15:00:00,2022-11-27,2022-11-27T15:00:00Z,NA,1.5584138955983513,1.312912625082472,0.44271911212215437,1.7771419786609965,2.221724414564432
SYN22-5,2,italic('Synechococcus ') (WH8102),Culture,A,5,2022-08-24T17:00:00Z,2022-08-24,17:00:00,2022-11-27,2022-11-27T17:00:00Z,12138797.881596716,1.5475408889516005,1.341609971400818,0.45938182777890835,1.8576591204003943,2.2486996172786635
SYN22-5,2,italic('Synechococcus ') (WH8102),Culture,B,5,2022-08-24T17:00:00Z,2022-08-24,17:00:00,2022-11-27,2022-11-27T17:00:00Z,19789085.377528775,1.613945204474177,1.353223956976036,0.4668586522044804,1.8687099858806766,2.2116084044371425
SYN22-5,2,italic('Synechococcus ') (WH8102),Culture,C,5,2022-08-24T17:00:00Z,2022-08-24,17:00:00,2022-11-27,2022-11-27T17:00:00Z,11881367.7719253,1.5666720515445944,1.3833040631568767,0.47116779983022083,1.829082896921297,2.240603144887827
SYN22-5,2,italic('Synechococcus ') (WH8102),Culture,D,5,2022-08-24T17:00:00Z,2022-08-24,17:00:00,2022-11-27,2022-11-27T17:00:00Z,NA,1.6088679327969388,1.3755223306923678,0.4618041454929682,1.875401974138923,2.2709289995714337
SYN22-5,2,italic('Synechococcus ') (WH8102),Culture,A,6,2022-08-24T19:00:00Z,2022-08-24,19:00:00,2022-11-27,2022-11-27T19:00:00Z,19515423.502092678,1.5994899249312127,1.4316615513944084,0.48600199754040757,1.8688510406585754,2.242241974183413
SYN22-5,2,italic('Synechococcus ') (WH8102),Culture,B,6,2022-08-24T19:00:00Z,2022-08-24,19:00:00,2022-11-27,2022-11-27T19:00:00Z,16008223.025640074,1.6603019939656931,1.3908533523624498,0.48067259078025937,1.9505459307671447,2.2901116308543754
SYN22-5,2,italic('Synechococcus ') (WH8102),Culture,C,6,2022-08-24T19:00:00Z,2022-08-24,19:00:00,2022-11-27,2022-11-27T19:00:00Z,13522484.721080575,1.6230426369820292,1.4294119721009726,0.4884087241464332,1.857769476070674,2.258261098428164
SYN22-5,2,italic('Synechococcus ') (WH8102),Culture,D,6,2022-08-24T19:00:00Z,2022-08-24,19:00:00,2022-11-27,2022-11-27T19:00:00Z,NA,1.573619555976187,1.3415512263095788,0.4726746070655536,1.8957278052036646,2.2593794842072086
SYN22-5,2,italic('Synechococcus ') (WH8102),Culture,A,7,2022-08-24T21:00:00Z,2022-08-24,21:00:00,2022-11-27,2022-11-27T21:00:00Z,17069979.844124448,1.5097432800720343,1.3012807263877746,0.43254702287165303,1.8255185365549669,2.183017411457663
SYN22-5,2,italic('Synechococcus ') (WH8102),Culture,B,7,2022-08-24T21:00:00Z,2022-08-24,21:00:00,2022-11-27,2022-11-27T21:00:00Z,13184607.702136843,1.5087378891072307,1.2924018205728298,0.42407179083597113,1.802105622363117,2.2227899667878797
SYN22-5,2,italic('Synechococcus ') (WH8102),Culture,C,7,2022-08-24T21:00:00Z,2022-08-24,21:00:00,2022-11-27,2022-11-27T21:00:00Z,22733157.489075158,1.5974462993059586,1.3077340566755482,0.43772471059116536,1.9397997907950137,2.242946151520269
SYN22-5,2,italic('Synechococcus ') (WH8102),Culture,D,7,2022-08-24T21:00:00Z,2022-08-24,21:00:00,2022-11-27,2022-11-27T21:00:00Z,NA,1.510508387193511,1.2918344265333626,0.4298907482508153,1.8107768648327256,2.199767060567818
SYN22-5,2,italic('Synechococcus ') (WH8102),Culture,A,8,2022-08-24T23:00:00Z,2022-08-24,23:00:00,2022-11-27,2022-11-27T23:00:00Z,22178145.007051274,1.518775937148637,1.3960588733170363,0.45592773185399227,1.716210675425275,2.1398846204768756
SYN22-5,2,italic('Synechococcus ') (WH8102),Culture,B,8,2022-08-24T23:00:00Z,2022-08-24,23:00:00,2022-11-27,2022-11-27T23:00:00Z,19676174.936727095,1.5929919563722295,1.4592013083236015,0.47331901133652593,1.7862539404448845,2.146666523093643
SYN22-5,2,italic('Synechococcus ') (WH8102),Culture,D,8,2022-08-24T23:00:00Z,2022-08-24,23:00:00,2022-11-27,2022-11-27T23:00:00Z,NA,1.5573845574801715,1.4731702753445597,0.46428927751238536,1.6662820041088207,2.118071689943467
SYN22-5,2,italic('Synechococcus ') (WH8102),Culture,A,9,2022-08-25T01:00:00Z,2022-08-25,01:00:00,2022-11-28,2022-11-28T01:00:00Z,16394225.80623698,1.4909595540569325,1.319108839837088,0.4115869609198257,1.7131599853339066,2.1760137905214387
SYN22-5,2,italic('Synechococcus ') (WH8102),Culture,B,9,2022-08-25T01:00:00Z,2022-08-25,01:00:00,2022-11-28,2022-11-28T01:00:00Z,19274082.774275728,1.5474183961690997,1.3757775070075733,0.4414248457481524,1.750948807786166,2.1455060904498557
SYN22-5,2,italic('Synechococcus ') (WH8102),Culture,C,9,2022-08-25T01:00:00Z,2022-08-25,01:00:00,2022-11-28,2022-11-28T01:00:00Z,27889590.797565375,1.5757106785498292,1.5837153248404678,0.5141583150807356,1.5023934861623194,2.0126418365066003
SYN22-5,2,italic('Synechococcus ') (WH8102),Culture,D,9,2022-08-25T01:00:00Z,2022-08-25,01:00:00,2022-11-28,2022-11-28T01:00:00Z,NA,1.5692386331382755,1.5301327531164977,0.4911227569623384,1.5668230343104432,2.0722369263387193
SYN22-5,2,italic('Synechococcus ') (WH8102),Culture,A,10,2022-08-25T03:00:00Z,2022-08-25,03:00:00,2022-11-28,2022-11-28T03:00:00Z,12838757.184220986,1.6391814697842735,1.712627102215592,0.6606619393520934,1.3806605020565756,1.9853117730267724
SYN22-5,2,italic('Synechococcus ') (WH8102),Culture,B,10,2022-08-25T03:00:00Z,2022-08-25,03:00:00,2022-11-28,2022-11-28T03:00:00Z,28645649.36081494,1.5627664403220374,1.5601853312992184,0.5985059573564385,1.4127985219280288,1.9766697232996986
SYN22-5,2,italic('Synechococcus ') (WH8102),Culture,C,10,2022-08-25T03:00:00Z,2022-08-25,03:00:00,2022-11-28,2022-11-28T03:00:00Z,10513912.698206123,1.489666154641705,1.2975589083180692,0.4166284562203101,1.6882943709982199,2.18887690488188
SYN22-5,2,italic('Synechococcus ') (WH8102),Culture,D,10,2022-08-25T03:00:00Z,2022-08-25,03:00:00,2022-11-28,2022-11-28T03:00:00Z,NA,1.4806949919616652,1.2828468500209311,0.4039999477600118,1.6843571269184334,2.1893185544141116
SYN22-5,2,italic('Synechococcus ') (WH8102),Culture,A,11,2022-08-25T05:00:00Z,2022-08-25,05:00:00,2022-11-28,2022-11-28T05:00:00Z,13337385.637799136,1.4607913744370555,1.4426966568890467,0.5064276220689479,1.2572635599775168,1.9267826843327653
SYN22-5,2,italic('Synechococcus ') (WH8102),Culture,B,11,2022-08-25T05:00:00Z,2022-08-25,05:00:00,2022-11-28,2022-11-28T05:00:00Z,24816661.24727307,1.5282126653852868,1.569754483658199,0.5994746505662942,1.2722209487369307,1.8604672538897744
SYN22-5,2,italic('Synechococcus ') (WH8102),Culture,C,11,2022-08-25T05:00:00Z,2022-08-25,05:00:00,2022-11-28,2022-11-28T05:00:00Z,20496875.79521495,1.455194170560095,1.3217827064493977,0.42296938646665705,1.5182929564629364,2.093838553187002
SYN22-5,2,italic('Synechococcus ') (WH8102),Culture,D,11,2022-08-25T05:00:00Z,2022-08-25,05:00:00,2022-11-28,2022-11-28T05:00:00Z,NA,1.4691922536945936,1.3711179611221893,0.4563322627553019,1.4340504568366408,2.0314132712503774
SYN22-5,2,italic('Synechococcus ') (WH8102),Culture,A,12,2022-08-25T07:00:00Z,2022-08-25,07:00:00,2022-11-28,2022-11-28T07:00:00Z,12762154.640524514,1.5776116658417925,1.7146532111009578,0.5564426271992973,1.105412076907458,1.8583536857468732
SYN22-5,2,italic('Synechococcus ') (WH8102),Culture,B,12,2022-08-25T07:00:00Z,2022-08-25,07:00:00,2022-11-28,2022-11-28T07:00:00Z,19318506.55426327,1.579163274084483,1.6518665010693232,0.540580750760942,1.2169068049124876,1.8846731840330877
SYN22-5,2,italic('Synechococcus ') (WH8102),Culture,C,12,2022-08-25T07:00:00Z,2022-08-25,07:00:00,2022-11-28,2022-11-28T07:00:00Z,28299798.842899084,1.4463711815017315,1.2685244971615024,0.3889904152881638,1.571955993091513,2.135492003359219
SYN22-5,2,italic('Synechococcus ') (WH8102),Culture,D,12,2022-08-25T07:00:00Z,2022-08-25,07:00:00,2022-11-28,2022-11-28T07:00:00Z,NA,1.4896521020570739,1.3549023404359057,0.4222788511348325,1.5251057828523793,2.1312592955517524
SYN22-5,2,italic('Synechococcus ') (WH8102),Culture,A,13,2022-08-25T09:00:00Z,2022-08-25,09:00:00,2022-11-28,2022-11-28T09:00:00Z,17295231.190086935,1.4908253713199988,1.4453154377376776,0.5479349710450024,1.34332001375206,2.018490237311915
SYN22-5,2,italic('Synechococcus ') (WH8102),Culture,B,13,2022-08-25T09:00:00Z,2022-08-25,09:00:00,2022-11-28,2022-11-28T09:00:00Z,21920714.89737986,1.537451846539316,1.5485863567275802,0.5951073451644611,1.2806791721715227,1.9664624265650172
SYN22-5,2,italic('Synechococcus ') (WH8102),Culture,C,13,2022-08-25T09:00:00Z,2022-08-25,09:00:00,2022-11-28,2022-11-28T09:00:00Z,23119160.269672062,1.5456163488852832,1.5418555157290181,0.5894543693184433,1.3206256896553592,1.9848327133119763
SYN22-5,2,italic('Synechococcus ') (WH8102),Culture,D,13,2022-08-25T09:00:00Z,2022-08-25,09:00:00,2022-11-28,2022-11-28T09:00:00Z,NA,1.5073382090292173,1.494444294553238,0.554231753292143,1.3029218008869394,1.9661171343180652
SYN22-5,2,italic('Synechococcus ') (WH8102),Culture,A,14,2022-08-25T11:00:00Z,2022-08-25,11:00:00,2022-11-28,2022-11-28T11:00:00Z,22330922.94271357,1.4858258079877942,1.2703573270279154,0.40509545407303454,1.5654671590019031,2.174466774715752
SYN22-5,2,italic('Synechococcus ') (WH8102),Culture,B,14,2022-08-25T11:00:00Z,2022-08-25,11:00:00,2022-11-28,2022-11-28T11:00:00Z,22387306.9711593,1.4997561693500256,1.2893303870698598,0.40719216835912364,1.6430128213595607,2.1772024545455735
SYN22-5,2,italic('Synechococcus ') (WH8102),Culture,C,14,2022-08-25T11:00:00Z,2022-08-25,11:00:00,2022-11-28,2022-11-28T11:00:00Z,16402341.68911932,1.491727560072198,1.280208068953192,0.40192944400920316,1.5707991857880457,2.18218970378994
SYN22-5,2,italic('Synechococcus ') (WH8102),Culture,D,14,2022-08-25T11:00:00Z,2022-08-25,11:00:00,2022-11-28,2022-11-28T11:00:00Z,NA,1.4911466137144305,1.2791487220890314,0.40429138328195435,1.5632723160123643,2.1676394997429878
SYN22-5,2,italic('Synechococcus ') (WH8102),Culture,B,15,2022-08-25T13:00:00Z,2022-08-25,13:00:00,2022-11-28,2022-11-28T13:00:00Z,16161000.961302368,1.520664757719985,1.2928615612326513,0.4045647279343545,1.6946223284884674,2.15180089677472
SYN22-5,2,italic('Synechococcus ') (WH8102),Culture,C,15,2022-08-25T13:00:00Z,2022-08-25,13:00:00,2022-11-28,2022-11-28T13:00:00Z,21647195.40585398,1.5400664737642393,1.2884400406216432,0.4041237750946941,1.6232094573949065,2.1645987937329583
SYN22-5,2,italic('Synechococcus ') (WH8102),Culture,D,15,2022-08-25T13:00:00Z,2022-08-25,13:00:00,2022-11-28,2022-11-28T13:00:00Z,NA,1.5160645543015467,1.2564793665801206,0.3988912225497186,1.6041799301718422,2.1322843636124733
SYN22-5,2,italic('Synechococcus ') (WH8102),Culture,A,16,2022-08-25T15:00:00Z,2022-08-25,15:00:00,2022-11-28,2022-11-28T15:00:00Z,NA,1.4854634065027625,1.2994870034859782,0.4435181981587214,1.6529144249633192,2.12589197040562
SYN22-5,2,italic('Synechococcus ') (WH8102),Culture,B,16,2022-08-25T15:00:00Z,2022-08-25,15:00:00,2022-11-28,2022-11-28T15:00:00Z,NA,1.536803039206141,1.2901134861590575,0.4207945458592867,1.775804404457245,2.1421537366523253
SYN22-5,2,italic('Synechococcus ') (WH8102),Culture,C,16,2022-08-25T15:00:00Z,2022-08-25,15:00:00,2022-11-28,2022-11-28T15:00:00Z,NA,1.513390655453287,1.2755309280618166,0.40782509830645786,1.7091247615192098,2.176596725033596
SYN22-5,2,italic('Synechococcus ') (WH8102),Culture,D,16,2022-08-25T15:00:00Z,2022-08-25,15:00:00,2022-11-28,2022-11-28T15:00:00Z,NA,1.520206695045994,1.2918975054585071,0.41108363951798554,1.701049560011254,2.1321317454163218
OL22-2,1,italic('O. Lucimarinus'),Culture,A,1,2022-11-30T09:00:00Z,2022-11-30,09:00:00,2022-11-27,2022-11-27T09:00:00Z,58672500,0.7905060064543743,0.6689494369243447,1.4636456328964962,1.1086795478518696,1.6959785753606342
OL22-2,1,italic('O. Lucimarinus'),Culture,B,1,2022-11-30T09:00:00Z,2022-11-30,09:00:00,2022-11-27,2022-11-27T09:00:00Z,50678000,0.7731277735955394,0.6597552011751995,1.484227130816845,1.1949076549772193,1.725266802627516
OL22-2,1,italic('O. Lucimarinus'),Culture,C,1,2022-11-30T09:00:00Z,2022-11-30,09:00:00,2022-11-27,2022-11-27T09:00:00Z,52401250,0.7810061674772928,0.6516254457509637,1.4781605440021117,1.0979852314362568,1.6988934607964499
OL22-2,1,italic('O. Lucimarinus'),Culture,A,2,2022-11-30T11:00:00Z,2022-11-30,11:00:00,2022-11-27,2022-11-27T11:00:00Z,53700500,0.7639821601908114,0.6256591488710403,1.4654484187755035,1.2863132854958352,1.758554374751483
OL22-2,1,italic('O. Lucimarinus'),Culture,B,2,2022-11-30T11:00:00Z,2022-11-30,11:00:00,2022-11-27,2022-11-27T11:00:00Z,46638500,0.7725941215162533,0.6401575196303775,1.4955740158115307,1.1503401876196349,1.6394300849245877
OL22-2,1,italic('O. Lucimarinus'),Culture,C,2,2022-11-30T11:00:00Z,2022-11-30,11:00:00,2022-11-27,2022-11-27T11:00:00Z,54661000,0.7596722365341623,0.6390385558067138,1.47948240255548,1.2266972733176025,1.7069435644325952
OL22-2,1,italic('O. Lucimarinus'),Culture,A,3,2022-11-30T13:00:00Z,2022-11-30,13:00:00,2022-11-27,2022-11-27T13:00:00Z,45542000,0.7494377347588808,0.6355311881018992,1.4591942173918466,1.1843382062365975,1.6450024822517295
OL22-2,1,italic('O. Lucimarinus'),Culture,B,3,2022-11-30T13:00:00Z,2022-11-30,13:00:00,2022-11-27,2022-11-27T13:00:00Z,53287250,0.7449037555036775,0.6204702611564341,1.4597162368163137,1.2855844749398333,1.7420585470110108
OL22-2,1,italic('O. Lucimarinus'),Culture,C,3,2022-11-30T13:00:00Z,2022-11-30,13:00:00,2022-11-27,2022-11-27T13:00:00Z,50621500,0.7368305459999689,0.6393801448526224,1.4359354606880679,1.2656995932114956,1.7485115666716653
OL22-2,1,italic('O. Lucimarinus'),Culture,A,4,2022-11-30T15:00:00Z,2022-11-30,15:00:00,2022-11-27,2022-11-27T15:00:00Z,47747250,0.7436329118810736,0.6444224082820372,1.463598714798449,1.278493539064689,1.67459644366566
OL22-2,1,italic('O. Lucimarinus'),Culture,B,4,2022-11-30T15:00:00Z,2022-11-30,15:00:00,2022-11-27,2022-11-27T15:00:00Z,48615750,0.7450435072031749,0.6489395013777215,1.4635413948130256,1.266426014614011,1.7623783461928881
OL22-2,1,italic('O. Lucimarinus'),Culture,C,4,2022-11-30T15:00:00Z,2022-11-30,15:00:00,2022-11-27,2022-11-27T15:00:00Z,50649750,0.74279137724011,0.6336036431594296,1.461152449940097,1.252644022987154,1.7281906794679076
OL22-2,1,italic('O. Lucimarinus'),Culture,A,5,2022-11-30T17:00:00Z,2022-11-30,17:00:00,2022-11-27,2022-11-27T17:00:00Z,48276750,0.7548259365445849,0.6385178558470815,1.4913042857787602,1.3190556668871762,1.7137163855380138
OL22-2,1,italic('O. Lucimarinus'),Culture,B,5,2022-11-30T17:00:00Z,2022-11-30,17:00:00,2022-11-27,2022-11-27T17:00:00Z,45056500,0.7542634910402254,0.651436043010829,1.4876501483758786,1.2889151663521496,1.7634012578409242
OL22-2,1,italic('O. Lucimarinus'),Culture,C,5,2022-11-30T17:00:00Z,2022-11-30,17:00:00,2022-11-27,2022-11-27T17:00:00Z,45762750,0.7618941997851598,0.6359745643216148,1.4780753024348225,1.322476598988119,1.7697744915483913
OL22-2,1,italic('O. Lucimarinus'),Culture,A,6,2022-11-30T19:00:00Z,2022-11-30,19:00:00,2022-11-27,2022-11-27T19:00:00Z,44390750,0.7486984132415315,0.6506505750438147,1.545452227354267,1.3117524346015967,1.7840318019650443
OL22-2,1,italic('O. Lucimarinus'),Culture,B,6,2022-11-30T19:00:00Z,2022-11-30,19:00:00,2022-11-27,2022-11-27T19:00:00Z,38056250,0.749662819811251,0.6524079108595315,1.5469480034334835,1.336637921453161,1.7486029514719585
OL22-2,1,italic('O. Lucimarinus'),Culture,C,6,2022-11-30T19:00:00Z,2022-11-30,19:00:00,2022-11-27,2022-11-27T19:00:00Z,44278000,0.7497362408258061,0.6464364143525081,1.5298488047188288,1.3934423805996987,1.8081915365164174
OL22-2,1,italic('O. Lucimarinus'),Culture,A,7,2022-11-30T21:00:00Z,2022-11-30,21:00:00,2022-11-27,2022-11-27T21:00:00Z,52018000,0.7660481987676355,0.6462478224594044,1.5659475715353137,1.3479815187799948,1.7179250866117655
OL22-2,1,italic('O. Lucimarinus'),Culture,B,7,2022-11-30T21:00:00Z,2022-11-30,21:00:00,2022-11-27,2022-11-27T21:00:00Z,44463250,0.7505866605622031,0.6385058995552975,1.5531108751677296,1.3543134615041195,1.7548364148426663
OL22-2,1,italic('O. Lucimarinus'),Culture,C,7,2022-11-30T21:00:00Z,2022-11-30,21:00:00,2022-11-27,2022-11-27T21:00:00Z,44887000,0.7566427834494321,0.6453823572042493,1.569838558227712,1.4000526315454789,1.7642213852998754
OL22-2,1,italic('O. Lucimarinus'),Culture,A,8,2022-11-30T23:00:00Z,2022-11-30,23:00:00,2022-11-27,2022-11-27T23:00:00Z,53983250,0.7489770918835907,0.6486658011683728,1.5611719643869386,1.323722605604281,1.7562196615015688
OL22-2,1,italic('O. Lucimarinus'),Culture,B,8,2022-11-30T23:00:00Z,2022-11-30,23:00:00,2022-11-27,2022-11-27T23:00:00Z,40423750,0.7416255354646477,0.6466364402972006,1.5783663565857193,1.1922973557030687,1.712642914742052
OL22-2,1,italic('O. Lucimarinus'),Culture,C,8,2022-11-30T23:00:00Z,2022-11-30,23:00:00,2022-11-27,2022-11-27T23:00:00Z,44770500,0.7771365900542901,0.6434907721700514,1.5593858567465473,1.3034195002856124,1.6678193496928417
OL22-2,1,italic('O. Lucimarinus'),Culture,A,9,2022-12-01T01:00:00Z,2022-12-01,01:00:00,2022-11-28,2022-11-28T01:00:00Z,50565000,0.7539591124591998,0.6427158237291997,1.5511942970642805,1.2351681999885638,1.7228332922229224
OL22-2,1,italic('O. Lucimarinus'),Culture,B,9,2022-12-01T01:00:00Z,2022-12-01,01:00:00,2022-11-28,2022-11-28T01:00:00Z,59491500,0.7464744231656878,0.639209554768515,1.5288206087201393,1.2573585982910007,1.7064983178745292
OL22-2,1,italic('O. Lucimarinus'),Culture,C,9,2022-12-01T01:00:00Z,2022-12-01,01:00:00,2022-11-28,2022-11-28T01:00:00Z,50536750,0.75115440500123,0.6456699189751989,1.5377835072548365,1.272645288096136,1.7319173281983709
OL22-2,1,italic('O. Lucimarinus'),Culture,A,10,2022-12-01T07:00:00Z,2022-12-01,07:00:00,2022-11-28,2022-11-28T07:00:00Z,60621500,0.7500475541516081,0.6457544938272934,1.4885640506291389,1.0908046857853038,1.6846300990661036
OL22-2,1,italic('O. Lucimarinus'),Culture,B,10,2022-12-01T07:00:00Z,2022-12-01,07:00:00,2022-11-28,2022-11-28T07:00:00Z,50452000,0.7731933800995082,0.6543676397170481,1.5079300618646547,1.1922071553547324,1.7343253527203575
OL22-2,1,italic('O. Lucimarinus'),Culture,C,10,2022-12-01T07:00:00Z,2022-12-01,07:00:00,2022-11-28,2022-11-28T07:00:00Z,50762750,0.740792490607213,0.6366826416736417,1.499707781236927,1.1285173840620835,1.556681902220944
OL22-2,1,italic('O. Lucimarinus'),Culture,A,11,2022-12-01T09:00:00Z,2022-12-01,09:00:00,2022-11-28,2022-11-28T09:00:00Z,53813750,0.7385301505331017,0.6425325555314996,1.4820041549976275,1.132025234164177,1.6668409317559723
OL22-2,1,italic('O. Lucimarinus'),Culture,B,11,2022-12-01T09:00:00Z,2022-12-01,09:00:00,2022-11-28,2022-11-28T09:00:00Z,60141250,0.7280136771840541,0.6540824588921201,1.485378136265395,1.067520049538314,1.7176468307178379
OL22-2,1,italic('O. Lucimarinus'),Culture,C,11,2022-12-01T09:00:00Z,2022-12-01,09:00:00,2022-11-28,2022-11-28T09:00:00Z,57711750,0.7400403952866315,0.6381489858070697,1.4608426897020057,1.11477001219987,1.7112427107944579
OL22-2,1,italic('O. Lucimarinus'),Culture,A,12,2022-12-01T11:00:00Z,2022-12-01,11:00:00,2022-11-28,2022-11-28T11:00:00Z,40706250,0.742362775859803,0.6488528275855029,1.4919509662661945,1.14116342259097,1.6463795088461193
OL22-2,1,italic('O. Lucimarinus'),Culture,B,12,2022-12-01T11:00:00Z,2022-12-01,11:00:00,2022-11-28,2022-11-28T11:00:00Z,40593250,0.7494846674449405,0.6533964946442279,1.5024023049062984,1.0773827951512263,1.5919603077540718
OL22-2,1,italic('O. Lucimarinus'),Culture,C,12,2022-12-01T11:00:00Z,2022-12-01,11:00:00,2022-11-28,2022-11-28T11:00:00Z,73559500,0.7319968390782373,0.6518867215200999,1.467123095056937,1.2032675549821898,1.7271100304271334
OL22-3,2,italic('O. Lucimarinus'),Culture,A,1,2022-12-07T09:00:00Z,2022-12-07,09:00:00,2022-11-27,2022-11-27T09:00:00Z,71440750,0.7481517102156552,0.6514443169605753,1.4924061723728954,1.087171917711414,1.6461286982307022
OL22-3,2,italic('O. Lucimarinus'),Culture,B,1,2022-12-07T09:00:00Z,2022-12-07,09:00:00,2022-11-27,2022-11-27T09:00:00Z,37586500,0.744444272055375,0.6537034267736317,1.512499318913489,1.0608234944947628,1.625593769171021
OL22-3,2,italic('O. Lucimarinus'),Culture,C,1,2022-12-07T09:00:00Z,2022-12-07,09:00:00,2022-11-27,2022-11-27T09:00:00Z,66808000,0.7473732709916339,0.6532525185801907,1.4998348153436152,1.231241866735866,1.702929228642147
OL22-3,2,italic('O. Lucimarinus'),Culture,D,1,2022-12-07T09:00:00Z,2022-12-07,09:00:00,2022-11-27,2022-11-27T09:00:00Z,50819250,0.7484820238660665,0.6537334036394981,1.517818700815596,1.0757510421719008,1.5814948630970322
OL22-3,2,italic('O. Lucimarinus'),Culture,A,2,2022-12-07T11:00:00Z,2022-12-07,11:00:00,2022-11-27,2022-11-27T11:00:00Z,58418000,0.7336814528665355,0.6386764245304283,1.5172720877634607,1.118998156092061,1.627786128285367
OL22-3,2,italic('O. Lucimarinus'),Culture,B,2,2022-12-07T11:00:00Z,2022-12-07,11:00:00,2022-11-27,2022-11-27T11:00:00Z,62434750,0.7437570587731848,0.630333707681546,1.5224833876635673,1.0336645981217198,1.708925435944139
OL22-3,2,italic('O. Lucimarinus'),Culture,C,2,2022-12-07T11:00:00Z,2022-12-07,11:00:00,2022-11-27,2022-11-27T11:00:00Z,53051000,0.7401860242851102,0.6380785925736128,1.5344648000863657,1.046043413010516,1.5816497818739548
OL22-3,2,italic('O. Lucimarinus'),Culture,D,2,2022-12-07T11:00:00Z,2022-12-07,11:00:00,2022-11-27,2022-11-27T11:00:00Z,58455250,0.7430156414747469,0.6503231836846193,1.5120420920447026,1.1278533859170754,1.6639785152959923
OL22-3,2,italic('O. Lucimarinus'),Culture,A,3,2022-12-07T13:00:00Z,2022-12-07,13:00:00,2022-11-27,2022-11-27T13:00:00Z,60875750,0.7611164308307393,0.6314432562516853,1.4798308469696184,1.2353312952881272,1.6958360245722748
OL22-3,2,italic('O. Lucimarinus'),Culture,B,3,2022-12-07T13:00:00Z,2022-12-07,13:00:00,2022-11-27,2022-11-27T13:00:00Z,49311500,0.7549854906168579,0.6349896004026465,1.5133596712203266,1.197426856494972,1.717506385737781
OL22-3,2,italic('O. Lucimarinus'),Culture,C,3,2022-12-07T13:00:00Z,2022-12-07,13:00:00,2022-11-27,2022-11-27T13:00:00Z,56265750,0.7704013611439494,0.629922196994128,1.5077034203253246,1.234726397561514,1.721187321369551
OL22-3,2,italic('O. Lucimarinus'),Culture,D,3,2022-12-07T13:00:00Z,2022-12-07,13:00:00,2022-11-27,2022-11-27T13:00:00Z,58907667,0.7390968071391628,0.6327731707230494,1.4773861249445182,1.1695869324906836,1.7013750494355668
OL22-3,2,italic('O. Lucimarinus'),Culture,A,4,2022-12-07T15:00:00Z,2022-12-07,15:00:00,2022-11-27,2022-11-27T15:00:00Z,59971750,0.7518924136781189,0.6395214649153385,1.5207958541953746,1.3021826374411534,1.7732163047214828
OL22-3,2,italic('O. Lucimarinus'),Culture,B,4,2022-12-07T15:00:00Z,2022-12-07,15:00:00,2022-11-27,2022-11-27T15:00:00Z,19887000,0.7376411549110298,0.6301133333473707,1.590468157392031,1.2156084459540297,1.5441958094220714
OL22-3,2,italic('O. Lucimarinus'),Culture,C,4,2022-12-07T15:00:00Z,2022-12-07,15:00:00,2022-11-27,2022-11-27T15:00:00Z,54338000,0.756939472226273,0.6389278809927886,1.53946088705377,1.2952448235809397,1.7145382098724817
OL22-3,2,italic('O. Lucimarinus'),Culture,D,4,2022-12-07T15:00:00Z,2022-12-07,15:00:00,2022-11-27,2022-11-27T15:00:00Z,33164000,0.7530510121181816,0.6237328648053304,1.554946193434414,1.2809096571520795,1.722537311263719
OL22-3,2,italic('O. Lucimarinus'),Culture,A,5,2022-12-07T17:00:00Z,2022-12-07,17:00:00,2022-11-27,2022-11-27T17:00:00Z,60678000,0.7567720008576596,0.6446263720706935,1.5782487309382465,1.3040316980293598,1.7615457345930767
OL22-3,2,italic('O. Lucimarinus'),Culture,B,5,2022-12-07T17:00:00Z,2022-12-07,17:00:00,2022-11-27,2022-11-27T17:00:00Z,65423750,0.7346227596079451,0.6349686337717526,1.5863503372282692,1.2966640289615121,1.7558695575346213
OL22-3,2,italic('O. Lucimarinus'),Culture,C,5,2022-12-07T17:00:00Z,2022-12-07,17:00:00,2022-11-27,2022-11-27T17:00:00Z,63785500,0.7534101084991015,0.6477826062899009,1.610515606549776,1.2719382339778484,1.7356131739787213
OL22-3,2,italic('O. Lucimarinus'),Culture,D,5,2022-12-07T17:00:00Z,2022-12-07,17:00:00,2022-11-27,2022-11-27T17:00:00Z,56807750,0.7446510598724034,0.6525888364229072,1.58549533943828,1.3302131031734503,1.7543564701869816
OL22-3,2,italic('O. Lucimarinus'),Culture,A,6,2022-12-07T19:00:00Z,2022-12-07,19:00:00,2022-11-27,2022-11-27T19:00:00Z,60084750,0.7475045429691383,0.643618180125457,1.6462088800156454,1.2913966058538238,1.7390467006862171
OL22-3,2,italic('O. Lucimarinus'),Culture,B,6,2022-12-07T19:00:00Z,2022-12-07,19:00:00,2022-11-27,2022-11-27T19:00:00Z,58728750,0.7499147071323624,0.6453909778295985,1.6651713686167726,1.3455623729553143,1.7353285643017191
OL22-3,2,italic('O. Lucimarinus'),Culture,C,6,2022-12-07T19:00:00Z,2022-12-07,19:00:00,2022-11-27,2022-11-27T19:00:00Z,61723000,0.7611180250244463,0.6495389988958598,1.666038531095029,1.3525956827867351,1.7620562706182432
OL22-3,2,italic('O. Lucimarinus'),Culture,D,6,2022-12-07T19:00:00Z,2022-12-07,19:00:00,2022-11-27,2022-11-27T19:00:00Z,66454750,0.7362929009554835,0.639038418106942,1.648711406229846,1.375845409989107,1.7633044056474039
OL22-3,2,italic('O. Lucimarinus'),Culture,B,7,2022-12-07T21:00:00Z,2022-12-07,21:00:00,2022-11-27,2022-11-27T21:00:00Z,64435000,0.7522468046651751,0.6579787740353483,1.6406044975111818,1.288588710148809,1.723258647988438
OL22-3,2,italic('O. Lucimarinus'),Culture,D,7,2022-12-07T21:00:00Z,2022-12-07,21:00:00,2022-11-27,2022-11-27T21:00:00Z,60905750,0.7510225276780396,0.6467615298544321,1.6333773437394827,1.2407109904591596,1.7051799739075473
OL22-3,2,italic('O. Lucimarinus'),Culture,A,8,2022-12-07T23:00:00Z,2022-12-07,23:00:00,2022-11-27,2022-11-27T23:00:00Z,54604750,0.7437113887552662,0.6429896320832011,1.5769887248294336,1.2290759900150183,1.7520468681005492
OL22-3,2,italic('O. Lucimarinus'),Culture,B,8,2022-12-07T23:00:00Z,2022-12-07,23:00:00,2022-11-27,2022-11-27T23:00:00Z,85649750,0.7355598301447264,0.657517981534037,1.5963176984745426,1.2256477985382928,1.6820552137371076
OL22-3,2,italic('O. Lucimarinus'),Culture,C,8,2022-12-07T23:00:00Z,2022-12-07,23:00:00,2022-11-27,2022-11-27T23:00:00Z,70734500,0.7446455661654283,0.6503639026030019,1.5937308173400553,1.2218517964166697,1.7288529022374983
OL22-3,2,italic('O. Lucimarinus'),Culture,D,8,2022-12-07T23:00:00Z,2022-12-07,23:00:00,2022-11-27,2022-11-27T23:00:00Z,74604500,0.7416765105034522,0.6522966207930656,1.5941891498480638,1.2166718256093798,1.7136958191215932
OL22-3,2,italic('O. Lucimarinus'),Culture,A,9,2022-12-08T01:00:00Z,2022-12-08,01:00:00,2022-11-28,2022-11-28T01:00:00Z,100988750,0.7295636687623563,0.6526685251531299,1.5507406228610807,1.2260136762148428,1.7052323576238286
OL22-3,2,italic('O. Lucimarinus'),Culture,B,9,2022-12-08T01:00:00Z,2022-12-08,01:00:00,2022-11-28,2022-11-28T01:00:00Z,95480000,0.7439585163585725,0.6386321559741914,1.5677198064510656,1.1642272477524571,1.6364658488221981
OL22-3,2,italic('O. Lucimarinus'),Culture,C,9,2022-12-08T01:00:00Z,2022-12-08,01:00:00,2022-11-28,2022-11-28T01:00:00Z,75780500,0.736607662031449,0.6529755918011481,1.5710716910685063,1.207523417959047,1.692677656442001
OL22-3,2,italic('O. Lucimarinus'),Culture,D,9,2022-12-08T01:00:00Z,2022-12-08,01:00:00,2022-11-28,2022-11-28T01:00:00Z,71694750,0.7331343954668117,0.6449257196618254,1.563340166918727,1.1998415618155382,1.6555213702855172
OL22-3,2,italic('O. Lucimarinus'),Culture,A,10,2022-12-08T03:00:00Z,2022-12-08,03:00:00,2022-11-28,2022-11-28T03:00:00Z,92768500,0.7596584184145757,0.6661493042481815,1.5284539820875607,1.1553008030065568,1.685535710699173
OL22-3,2,italic('O. Lucimarinus'),Culture,B,10,2022-12-08T03:00:00Z,2022-12-08,03:00:00,2022-11-28,2022-11-28T03:00:00Z,87175000,0.7402757865347035,0.6375110945226887,1.538057833233166,1.1533819373544545,1.6570060259310058
OL22-3,2,italic('O. Lucimarinus'),Culture,C,10,2022-12-08T03:00:00Z,2022-12-08,03:00:00,2022-11-28,2022-11-28T03:00:00Z,80197750,0.7421064885071869,0.6386988143234102,1.549731597489665,1.1384429669037432,1.6827792454811545
OL22-3,2,italic('O. Lucimarinus'),Culture,D,10,2022-12-08T03:00:00Z,2022-12-08,03:00:00,2022-11-28,2022-11-28T03:00:00Z,84689250,0.738281869597034,0.64524661839167,1.5365759649118096,1.2370906972534077,1.7505466959753941
OL22-3,2,italic('O. Lucimarinus'),Culture,A,11,2022-12-08T05:00:00Z,2022-12-08,05:00:00,2022-11-28,2022-11-28T05:00:00Z,93446250,0.7245214299522246,0.6369819038495901,1.5094211673282922,1.0550349192061828,1.672709094550918
OL22-3,2,italic('O. Lucimarinus'),Culture,B,11,2022-12-08T05:00:00Z,2022-12-08,05:00:00,2022-11-28,2022-11-28T05:00:00Z,106808000,0.729176234296137,0.6321306627983951,1.522680143855893,1.11410579919682,1.6620625927160657
OL22-3,2,italic('O. Lucimarinus'),Culture,C,11,2022-12-08T05:00:00Z,2022-12-08,05:00:00,2022-11-28,2022-11-28T05:00:00Z,94576250,0.7417035383730302,0.6304933611644176,1.5329255332098564,1.1058696464729776,1.6366643691748681
OL22-3,2,italic('O. Lucimarinus'),Culture,D,11,2022-12-08T05:00:00Z,2022-12-08,05:00:00,2022-11-28,2022-11-28T05:00:00Z,97284500,0.7215649549239178,0.6412985552140524,1.5229266601562945,1.0831676885812094,1.6552013859213033
OL22-3,2,italic('O. Lucimarinus'),Culture,A,12,2022-12-08T07:00:00Z,2022-12-08,07:00:00,2022-11-28,2022-11-28T07:00:00Z,68983250,0.7390514345623604,0.6387299205416872,1.5133231558947347,1.0505664066827087,1.6274787988838528
OL22-3,2,italic('O. Lucimarinus'),Culture,B,12,2022-12-08T07:00:00Z,2022-12-08,07:00:00,2022-11-28,2022-11-28T07:00:00Z,102260000,0.7343246338289786,0.6392495573055506,1.517903666550779,1.0871506656570047,1.6628949570214844
OL22-3,2,italic('O. Lucimarinus'),Culture,C,12,2022-12-08T07:00:00Z,2022-12-08,07:00:00,2022-11-28,2022-11-28T07:00:00Z,82147000,0.7457614028088366,0.6390753483976492,1.514890932934911,1.1335712448102235,1.6604197790540525
OL22-3,2,italic('O. Lucimarinus'),Culture,D,12,2022-12-08T07:00:00Z,2022-12-08,07:00:00,2022-11-28,2022-11-28T07:00:00Z,83305000,0.7304361307750126,0.6425328319838063,1.5099529691664233,1.093702386699929,1.697580380208479
OL22-3,2,italic('O. Lucimarinus'),Culture,A,13,2022-12-08T09:00:00Z,2022-12-08,09:00:00,2022-11-28,2022-11-28T09:00:00Z,98012000,0.7343612582909071,0.6535888587884285,1.4894974368103937,1.0138234697660717,1.6645009023529946
OL22-3,2,italic('O. Lucimarinus'),Culture,B,13,2022-12-08T09:00:00Z,2022-12-08,09:00:00,2022-11-28,2022-11-28T09:00:00Z,91412500,0.7406313611871597,0.6372957039940408,1.4959278977818429,1.010512764362994,1.6343876992026476
OL22-3,2,italic('O. Lucimarinus'),Culture,C,13,2022-12-08T09:00:00Z,2022-12-08,09:00:00,2022-11-28,2022-11-28T09:00:00Z,92994250,0.7303868196332386,0.6354459837916479,1.5061147605820038,1.0720242237914812,1.6772619253673313
OL22-3,2,italic('O. Lucimarinus'),Culture,D,13,2022-12-08T09:00:00Z,2022-12-08,09:00:00,2022-11-28,2022-11-28T09:00:00Z,90565000,0.7220613218665484,0.6287062739168084,1.5036872217488257,1.113197467994513,1.6558355989099716
OL22-3,2,italic('O. Lucimarinus'),Culture,A,14,2022-12-08T11:00:00Z,2022-12-08,11:00:00,2022-11-28,2022-11-28T11:00:00Z,84124250,0.7248459578919202,0.644121659499974,1.508219436395613,1.0456290586137915,1.6695686437659871
OL22-3,2,italic('O. Lucimarinus'),Culture,B,14,2022-12-08T11:00:00Z,2022-12-08,11:00:00,2022-11-28,2022-11-28T11:00:00Z,102454250,0.7309426073018033,0.6523396011517442,1.5030532893005026,1.1097017626717405,1.6690797349251565
OL22-3,2,italic('O. Lucimarinus'),Culture,C,14,2022-12-08T11:00:00Z,2022-12-08,11:00:00,2022-11-28,2022-11-28T11:00:00Z,107457750,0.7395249525698939,0.6501398538126326,1.5173089232600019,1.141640858303091,1.6600046908248447
OL22-3,2,italic('O. Lucimarinus'),Culture,D,14,2022-12-08T11:00:00Z,2022-12-08,11:00:00,2022-11-28,2022-11-28T11:00:00Z,88146250,0.7341985925478919,0.6630941875987879,1.5037421283828054,1.0641809626367011,1.5847094371368475
OL22-3,2,italic('O. Lucimarinus'),Culture,A,15,2022-12-08T13:00:00Z,2022-12-08,13:00:00,2022-11-28,2022-11-28T13:00:00Z,68757000,0.7627241459641902,0.6462718539080616,1.5187704653609568,1.2549346820749354,1.7454169565287372
OL22-3,2,italic('O. Lucimarinus'),Culture,B,15,2022-12-08T13:00:00Z,2022-12-08,13:00:00,2022-11-28,2022-11-28T13:00:00Z,77796750,0.7510495781830127,0.6387120713576664,1.514175879719892,1.2525064318020693,1.7376035835720574
OL22-3,2,italic('O. Lucimarinus'),Culture,C,15,2022-12-08T13:00:00Z,2022-12-08,13:00:00,2022-11-28,2022-11-28T13:00:00Z,90000000,0.7430370605148775,0.6430961567001896,1.5333635499757832,1.343465568895162,1.885943396914565
OL22-3,2,italic('O. Lucimarinus'),Culture,D,15,2022-12-08T13:00:00Z,2022-12-08,13:00:00,2022-11-28,2022-11-28T13:00:00Z,62599000,0.7482248619644418,0.6340757375720405,1.5135897621226815,1.3700199054008313,1.8226124732997386
TP22-14,2,italic('T. Pseudonana'),Optics,A,1,2022-05-18T09:00:00Z,2022-05-18,09:00:00,2022-11-27,2022-11-27T09:00:00Z,9096,0.6990256547016164,1.4991614836530232,1.4404384960508423,1.8081569046931214,1.2242105685224316
TP22-14,2,italic('T. Pseudonana'),Optics,B,1,2022-05-18T09:00:00Z,2022-05-18,09:00:00,2022-11-27,2022-11-27T09:00:00Z,6469,0.7357219520290297,1.4848393499006223,1.4466597520928408,1.8106855752001887,1.2147513073301865
TP22-14,2,italic('T. Pseudonana'),Optics,C,1,2022-05-18T09:00:00Z,2022-05-18,09:00:00,2022-11-27,2022-11-27T09:00:00Z,6751,0.7050750361516331,1.4979037414877499,1.4393998332724316,1.8078556520799993,1.2089072343922096
TP22-14,2,italic('T. Pseudonana'),Optics,A,2,2022-05-18T11:00:00Z,2022-05-18,11:00:00,2022-11-27,2022-11-27T11:00:00Z,8898,0.7871695321708014,1.5053521808169106,1.506060413194425,1.8688650812885979,1.2486199618288967
TP22-14,2,italic('T. Pseudonana'),Optics,B,2,2022-05-18T11:00:00Z,2022-05-18,11:00:00,2022-11-27,2022-11-27T11:00:00Z,5678,0.8154021654529497,1.5284066875578013,1.503423581551766,1.8723538388904704,1.2323477191062024
TP22-14,2,italic('T. Pseudonana'),Optics,C,2,2022-05-18T11:00:00Z,2022-05-18,11:00:00,2022-11-27,2022-11-27T11:00:00Z,7175,0.7901051935442892,1.5231965582028724,1.497897725489572,1.8623631354102606,1.233304255048937
TP22-14,2,italic('T. Pseudonana'),Optics,A,3,2022-05-18T13:00:00Z,2022-05-18,13:00:00,2022-11-27,2022-11-27T13:00:00Z,7684,0.9266467425969203,1.576787648280913,1.5925909778787561,2.042502431419612,1.3104830359004258
TP22-14,2,italic('T. Pseudonana'),Optics,B,3,2022-05-18T13:00:00Z,2022-05-18,13:00:00,2022-11-27,2022-11-27T13:00:00Z,10848,0.9474160377390215,1.5901939822352813,1.6175886068770489,2.0529048956681946,1.306074505993748
TP22-14,2,italic('T. Pseudonana'),Optics,C,3,2022-05-18T13:00:00Z,2022-05-18,13:00:00,2022-11-27,2022-11-27T13:00:00Z,6524,0.9391617534993931,1.583805847901093,1.6059644427127568,2.0396332062038383,1.2953870684089401
TP22-14,2,italic('T. Pseudonana'),Optics,A,4,2022-05-18T15:00:00Z,2022-05-18,15:00:00,2022-11-27,2022-11-27T15:00:00Z,8503,0.9624629816669833,1.5936687927450632,1.597416813380199,2.1077030551605187,1.364797744210997
TP22-14,2,italic('T. Pseudonana'),Optics,B,4,2022-05-18T15:00:00Z,2022-05-18,15:00:00,2022-11-27,2022-11-27T15:00:00Z,8701,0.9550589062342725,1.603038067937536,1.5861941865179667,2.090858330637916,1.3376660238106126
TP22-14,2,italic('T. Pseudonana'),Optics,C,4,2022-05-18T15:00:00Z,2022-05-18,15:00:00,2022-11-27,2022-11-27T15:00:00Z,6920,0.9643088000419218,1.6185616666130327,1.5915780297510915,2.091813220976044,1.3676287420927586
TP22-14,2,italic('T. Pseudonana'),Optics,A,5,2022-05-18T17:00:00Z,2022-05-18,17:00:00,2022-11-27,2022-11-27T17:00:00Z,13305,0.930404179003273,1.5777579828243904,1.5938045509184011,2.0850019625914693,1.3834904536295234
TP22-14,2,italic('T. Pseudonana'),Optics,B,5,2022-05-18T17:00:00Z,2022-05-18,17:00:00,2022-11-27,2022-11-27T17:00:00Z,11158,0.9214497246157969,1.569827446302901,1.5785097813873712,2.0745720740186124,1.3937516181051182
TP22-14,2,italic('T. Pseudonana'),Optics,C,5,2022-05-18T17:00:00Z,2022-05-18,17:00:00,2022-11-27,2022-11-27T17:00:00Z,11045,0.9043498470035334,1.559088644987,1.5723200356355238,2.063785099562029,1.362251894164571
TP22-14,2,italic('T. Pseudonana'),Optics,A,6,2022-05-18T19:00:00Z,2022-05-18,19:00:00,2022-11-27,2022-11-27T19:00:00Z,8886,0.8604007316965797,1.5542698172827492,1.5940776183188263,2.0592204401601695,1.3886447380883689
TP22-14,2,italic('T. Pseudonana'),Optics,B,6,2022-05-18T19:00:00Z,2022-05-18,19:00:00,2022-11-27,2022-11-27T19:00:00Z,8486,0.8712302919734417,1.5461657930797335,1.5929420522070266,2.0697685185653008,1.3877997863575782
TP22-14,2,italic('T. Pseudonana'),Optics,C,6,2022-05-18T19:00:00Z,2022-05-18,19:00:00,2022-11-27,2022-11-27T19:00:00Z,11752,0.8550648749945802,1.5300072463735495,1.5854882414896574,2.0518397393213523,1.383949148753191
TP22-14,2,italic('T. Pseudonana'),Optics,A,7,2022-05-18T21:00:00Z,2022-05-18,21:00:00,2022-11-27,2022-11-27T21:00:00Z,8757,0.845009635917602,1.5469121998356234,1.5880258371753078,2.0847346128955966,1.378347837155865
TP22-14,2,italic('T. Pseudonana'),Optics,B,7,2022-05-18T21:00:00Z,2022-05-18,21:00:00,2022-11-27,2022-11-27T21:00:00Z,5735,0.8237824515670051,1.528827076554681,1.5745477812828395,2.085703005325005,1.3556369019853722
TP22-14,2,italic('T. Pseudonana'),Optics,C,7,2022-05-18T21:00:00Z,2022-05-18,21:00:00,2022-11-27,2022-11-27T21:00:00Z,10480,0.833280557974236,1.540927244859252,1.5846598865107957,2.0997862601547275,1.3672113958856191
TP22-14,2,italic('T. Pseudonana'),Optics,A,8,2022-05-18T23:00:00Z,2022-05-18,23:00:00,2022-11-27,2022-11-27T23:00:00Z,9068,0.7791566398545381,1.5041827087818098,1.538212655872381,2.095114021725861,1.2898677914662557
TP22-14,2,italic('T. Pseudonana'),Optics,B,8,2022-05-18T23:00:00Z,2022-05-18,23:00:00,2022-11-27,2022-11-27T23:00:00Z,7910,0.7905548770723405,1.519476628220633,1.53552863732292,2.094302689649818,1.3162404777330456
TP22-14,2,italic('T. Pseudonana'),Optics,C,8,2022-05-18T23:00:00Z,2022-05-18,23:00:00,2022-11-27,2022-11-27T23:00:00Z,7655,0.7855586420676879,1.5148232028006283,1.5312285413814966,2.0877451114507135,1.2875858625808776
TP22-14,2,italic('T. Pseudonana'),Optics,A,9,2022-05-19T01:00:00Z,2022-05-19,01:00:00,2022-11-28,2022-11-28T01:00:00Z,10113,0.7605560049556763,1.4905099360661453,1.5345688955915144,2.0602929971341655,1.2624199288451403
TP22-14,2,italic('T. Pseudonana'),Optics,B,9,2022-05-19T01:00:00Z,2022-05-19,01:00:00,2022-11-28,2022-11-28T01:00:00Z,7995,0.7669510512118081,1.4898963905190206,1.5334993718102092,2.0612532456511494,1.2664791876579633
TP22-14,2,italic('T. Pseudonana'),Optics,C,9,2022-05-19T01:00:00Z,2022-05-19,01:00:00,2022-11-28,2022-11-28T01:00:00Z,13050,0.7455442611578283,1.4875842854244348,1.521353697479967,2.0448565606268745,1.2491011018197549
TP22-14,2,italic('T. Pseudonana'),Optics,A,10,2022-05-19T03:00:00Z,2022-05-19,03:00:00,2022-11-28,2022-11-28T03:00:00Z,8736,0.7513807792263734,1.500364784853459,1.5364839666714962,1.980832010962831,1.2699714679099658
TP22-14,2,italic('T. Pseudonana'),Optics,B,10,2022-05-19T03:00:00Z,2022-05-19,03:00:00,2022-11-28,2022-11-28T03:00:00Z,10219,0.7344557962635383,1.4936423370152263,1.5222077681482673,1.9683561067532054,1.26266646229723
TP22-14,2,italic('T. Pseudonana'),Optics,C,10,2022-05-19T03:00:00Z,2022-05-19,03:00:00,2022-11-28,2022-11-28T03:00:00Z,10735,0.7343353628118943,1.469834644559464,1.5027936329426852,1.9572899950595364,1.2353903053240318
TP22-14,2,italic('T. Pseudonana'),Optics,A,11,2022-05-19T05:00:00Z,2022-05-19,05:00:00,2022-11-28,2022-11-28T05:00:00Z,14548,0.7062878616872912,1.4829068132190746,1.4937808128365075,1.891109951992041,1.2399275131769925
TP22-14,2,italic('T. Pseudonana'),Optics,B,11,2022-05-19T05:00:00Z,2022-05-19,05:00:00,2022-11-28,2022-11-28T05:00:00Z,NA,0.7049991660185526,1.4731034713721796,1.4826627674350426,1.8815890291285526,1.2204107665377664
TP22-14,2,italic('T. Pseudonana'),Optics,C,11,2022-05-19T05:00:00Z,2022-05-19,05:00:00,2022-11-28,2022-11-28T05:00:00Z,12456,0.6946672992897668,1.4757459040505592,1.465855659261855,1.8703523216297595,1.2239948265844722
TP22-14,2,italic('T. Pseudonana'),Optics,A,12,2022-05-19T07:00:00Z,2022-05-19,07:00:00,2022-11-28,2022-11-28T07:00:00Z,10876,0.6816359247564818,1.4810230972961032,1.475809777797104,1.839408867092194,1.2317131849887382
TP22-14,2,italic('T. Pseudonana'),Optics,A,13,2022-05-19T09:00:00Z,2022-05-19,09:00:00,2022-11-28,2022-11-28T09:00:00Z,7684,0.6980987364748985,1.4621504459263388,1.4935983085745783,1.8456155713982019,1.2326158775367597
TP22-14,2,italic('T. Pseudonana'),Optics,B,13,2022-05-19T09:00:00Z,2022-05-19,09:00:00,2022-11-28,2022-11-28T09:00:00Z,6101,0.6766250033227177,1.4484572954326196,1.4612651007202517,1.8237070217533375,1.2223297252090661
TP22-14,2,italic('T. Pseudonana'),Optics,C,13,2022-05-19T09:00:00Z,2022-05-19,09:00:00,2022-11-28,2022-11-28T09:00:00Z,8164,0.6743051362474334,1.4765610970869667,1.4593856997764476,1.8240898157173158,1.2209014522548371
SYN22-4,1,italic('Synechococcus ') (WH8102),Optics,A,1,2022-08-16T09:00:00Z,2022-08-16,09:00:00,2022-11-27,2022-11-27T09:00:00Z,35480,1.4009245719572712,1.2237023115629737,0.3707261290084326,1.6010469525737734,2.1177252843750622
SYN22-4,1,italic('Synechococcus ') (WH8102),Optics,B,1,2022-08-16T09:00:00Z,2022-08-16,09:00:00,2022-11-27,2022-11-27T09:00:00Z,44718,1.4451440942671492,1.2566121496653366,0.3754094074903269,1.5971548283023398,2.1329394051495463
SYN22-4,1,italic('Synechococcus ') (WH8102),Optics,A,2,2022-08-16T11:00:00Z,2022-08-16,11:00:00,2022-11-27,2022-11-27T11:00:00Z,28786,1.4354110982784078,1.2498304146219397,0.3734287122240807,1.5868730953050125,2.098331028755706
SYN22-4,1,italic('Synechococcus ') (WH8102),Optics,B,2,2022-08-16T11:00:00Z,2022-08-16,11:00:00,2022-11-27,2022-11-27T11:00:00Z,46130,1.470191819335426,1.2710763487978864,0.3758721237536534,1.6031822350661797,2.106175143955337
SYN22-4,1,italic('Synechococcus ') (WH8102),Optics,A,3,2022-08-16T13:00:00Z,2022-08-16,13:00:00,2022-11-27,2022-11-27T13:00:00Z,28277,1.426792087425956,1.233934138985209,0.3780118506195982,1.6180633906090982,2.051346787511495
SYN22-4,1,italic('Synechococcus ') (WH8102),Optics,B,3,2022-08-16T13:00:00Z,2022-08-16,13:00:00,2022-11-27,2022-11-27T13:00:00Z,46807,1.4981208109360549,1.2538579952418512,0.37365172013678005,1.6602286042535068,2.1147175833679546
SYN22-4,1,italic('Synechococcus ') (WH8102),Optics,A,4,2022-08-16T15:00:00Z,2022-08-16,15:00:00,2022-11-27,2022-11-27T15:00:00Z,27599,1.432172218888141,1.253204224081522,0.38544119874881266,1.7132479236563376,2.070589132741973
SYN22-4,1,italic('Synechococcus ') (WH8102),Optics,B,4,2022-08-16T15:00:00Z,2022-08-16,15:00:00,2022-11-27,2022-11-27T15:00:00Z,38559,1.4913244537400003,1.271495930364509,0.38429418665773873,1.7652723174316178,2.1200276888380176
SYN22-4,1,italic('Synechococcus ') (WH8102),Optics,A,5,2022-08-16T17:00:00Z,2022-08-16,17:00:00,2022-11-27,2022-11-27T17:00:00Z,28532,1.4375928001993916,1.2368247419487084,0.37897757653426645,1.8265129824799393,2.086932703478521
SYN22-4,1,italic('Synechococcus ') (WH8102),Optics,B,5,2022-08-16T17:00:00Z,2022-08-16,17:00:00,2022-11-27,2022-11-27T17:00:00Z,64830,1.447733077440362,1.2296221507420166,0.37795997034866324,1.8130884793765305,2.123246719934954
SYN22-4,1,italic('Synechococcus ') (WH8102),Optics,A,6,2022-08-16T19:00:00Z,2022-08-16,19:00:00,2022-11-27,2022-11-27T19:00:00Z,44122,1.4258159205578518,1.2183127737567903,0.3710357741398449,1.8630641438803641,2.1070898096398523
SYN22-4,1,italic('Synechococcus ') (WH8102),Optics,B,6,2022-08-16T19:00:00Z,2022-08-16,19:00:00,2022-11-27,2022-11-27T19:00:00Z,79126,1.454191780220382,1.2534166134301241,0.38586326686719175,1.8568547447544244,2.1221848604590727
SYN22-4,1,italic('Synechococcus ') (WH8102),Optics,A,7,2022-08-16T21:00:00Z,2022-08-16,21:00:00,2022-11-27,2022-11-27T21:00:00Z,69251,1.4247006577616628,1.2300219921353055,0.38263387447790115,1.8263235645718519,2.103759415568232
SYN22-4,1,italic('Synechococcus ') (WH8102),Optics,B,7,2022-08-16T21:00:00Z,2022-08-16,21:00:00,2022-11-27,2022-11-27T21:00:00Z,95939,1.4512910721376167,1.227120420824782,0.3837434942658423,1.8270718762599125,2.124967886287897
SYN22-4,1,italic('Synechococcus ') (WH8102),Optics,A,8,2022-08-16T23:00:00Z,2022-08-16,23:00:00,2022-11-27,2022-11-27T23:00:00Z,75085,1.4198853340951132,1.2398804361922786,0.3970851293213825,1.7520037264220272,2.0750415428840645
SYN22-4,1,italic('Synechococcus ') (WH8102),Optics,B,8,2022-08-16T23:00:00Z,2022-08-16,23:00:00,2022-11-27,2022-11-27T23:00:00Z,104999,1.4461251886797672,1.2241622811407158,0.38483215873749244,1.7678220419322677,2.1180267516686984
SYN22-4,1,italic('Synechococcus ') (WH8102),Optics,A,9,2022-08-17T03:00:00Z,2022-08-17,03:00:00,2022-11-28,2022-11-28T03:00:00Z,71186,1.437904818318354,1.2598704933741485,0.3870057586608634,1.691009775983813,2.108604720949969
SYN22-4,1,italic('Synechococcus ') (WH8102),Optics,B,9,2022-08-17T03:00:00Z,2022-08-17,03:00:00,2022-11-28,2022-11-28T03:00:00Z,107120,1.4615962246761787,1.2669275845429557,0.39762085521945234,1.69121365512328,2.137250258909282
SYN22-4,1,italic('Synechococcus ') (WH8102),Optics,A,10,2022-08-17T07:00:00Z,2022-08-17,07:00:00,2022-11-28,2022-11-28T07:00:00Z,53926,1.43113066748725,1.2555596456293472,0.37608035902259696,1.6322969561788847,2.111757123375722
SYN22-4,1,italic('Synechococcus ') (WH8102),Optics,B,10,2022-08-17T07:00:00Z,2022-08-17,07:00:00,2022-11-28,2022-11-28T07:00:00Z,86780,1.441022018040059,1.2505330332686164,0.38594497030242114,1.615858937630331,2.124961103528544
SYN22-4,1,italic('Synechococcus ') (WH8102),Optics,A,11,2022-08-17T09:00:00Z,2022-08-17,09:00:00,2022-11-28,2022-11-28T09:00:00Z,61328,1.4464779948901716,1.2783558454534536,0.3838843847884824,1.6075278994948325,2.1211705527529965
SYN22-4,1,italic('Synechococcus ') (WH8102),Optics,B,11,2022-08-17T09:00:00Z,2022-08-17,09:00:00,2022-11-28,2022-11-28T09:00:00Z,120113,1.4361715845772105,1.2544673600017964,0.38414580026826256,1.5851735015966981,2.1185636992979595
SYN22-4,1,italic('Synechococcus ') (WH8102),Optics,A,12,2022-08-17T11:00:00Z,2022-08-17,11:00:00,2022-11-28,2022-11-28T11:00:00Z,66300,1.4580970519199186,1.2672699449766056,0.3784691361202133,1.5843374732363613,2.092546262236165
SYN22-4,1,italic('Synechococcus ') (WH8102),Optics,B,12,2022-08-17T11:00:00Z,2022-08-17,11:00:00,2022-11-28,2022-11-28T11:00:00Z,113644,1.4791912500635482,1.2705815008413313,0.3871052840981154,1.5838457979605267,2.1211953376262125
SYN22-4,1,italic('Synechococcus ') (WH8102),Optics,A,13,2022-08-17T13:00:00Z,2022-08-17,13:00:00,2022-11-28,2022-11-28T13:00:00Z,55988,1.4413363850252527,1.2435937132881068,0.37204115239149815,1.6441734342748688,2.087652570927443
SYN22-4,1,italic('Synechococcus ') (WH8102),Optics,B,13,2022-08-17T13:00:00Z,2022-08-17,13:00:00,2022-11-28,2022-11-28T13:00:00Z,112260,1.4639639584244253,1.2414175404349006,0.3800519433294034,1.6307104475309044,2.106240631458501
SYN22-5,2,italic('Synechococcus ') (WH8102),Optics,A,1,2022-08-24T09:00:00Z,2022-08-24,09:00:00,2022-11-27,2022-11-27T09:00:00Z,57458,1.4051710608987609,1.2233925945704602,0.367113376947076,1.535274493112074,2.1101763111690284
SYN22-5,2,italic('Synechococcus ') (WH8102),Optics,B,1,2022-08-24T09:00:00Z,2022-08-24,09:00:00,2022-11-27,2022-11-27T09:00:00Z,72994,1.4213490057975298,1.2292604196930683,0.3759988779158279,1.5560609324811916,2.128633272598486
SYN22-5,2,italic('Synechococcus ') (WH8102),Optics,C,1,2022-08-24T09:00:00Z,2022-08-24,09:00:00,2022-11-27,2022-11-27T09:00:00Z,108474,1.4397603012953901,1.245580563383888,0.3844208747044283,1.554030854917635,2.1585248673739406
SYN22-5,2,italic('Synechococcus ') (WH8102),Optics,A,2,2022-08-24T11:00:00Z,2022-08-24,11:00:00,2022-11-27,2022-11-27T11:00:00Z,58418,1.4522984231000438,1.2611263903106105,0.37780624152321063,1.5319036336090206,2.1103711637575513
SYN22-5,2,italic('Synechococcus ') (WH8102),Optics,B,2,2022-08-24T11:00:00Z,2022-08-24,11:00:00,2022-11-27,2022-11-27T11:00:00Z,79774,1.4576329856043961,1.2506813391412506,0.38188060269467394,1.5351027254295182,2.1016081983687873
SYN22-5,2,italic('Synechococcus ') (WH8102),Optics,C,2,2022-08-24T11:00:00Z,2022-08-24,11:00:00,2022-11-27,2022-11-27T11:00:00Z,62768,1.4719489109832098,1.2674858429503284,0.3874988338877694,1.5686045936675022,2.1468623299095757
SYN22-5,2,italic('Synechococcus ') (WH8102),Optics,A,3,2022-08-24T13:00:00Z,2022-08-24,13:00:00,2022-11-27,2022-11-27T13:00:00Z,52881,1.4561506232629022,1.2481464512559897,0.3837149659479836,1.5813744401485659,2.086922964686486
SYN22-5,2,italic('Synechococcus ') (WH8102),Optics,B,3,2022-08-24T13:00:00Z,2022-08-24,13:00:00,2022-11-27,2022-11-27T13:00:00Z,66102,1.4791211713394565,1.2489375814541925,0.3838526024776004,1.609900150670248,2.1235950892580693
SYN22-5,2,italic('Synechococcus ') (WH8102),Optics,C,3,2022-08-24T13:00:00Z,2022-08-24,13:00:00,2022-11-27,2022-11-27T13:00:00Z,103559,1.4733416905155141,1.2433201905162168,0.3885388255204914,1.6038348599229613,2.1292308559022572
SYN22-5,2,italic('Synechococcus ') (WH8102),Optics,A,4,2022-08-24T15:00:00Z,2022-08-24,15:00:00,2022-11-27,2022-11-27T15:00:00Z,42373,1.4339394951242244,1.222544011797984,0.36851743423594396,1.689837409883184,2.1142291540357627
SYN22-5,2,italic('Synechococcus ') (WH8102),Optics,B,4,2022-08-24T15:00:00Z,2022-08-24,15:00:00,2022-11-27,2022-11-27T15:00:00Z,101865,1.4656770887704405,1.2365200333060484,0.38170229589680543,1.6946199772871235,2.1296793700597236
SYN22-5,2,italic('Synechococcus ') (WH8102),Optics,C,4,2022-08-24T15:00:00Z,2022-08-24,15:00:00,2022-11-27,2022-11-27T15:00:00Z,80214,1.471575339265521,1.2431153800244532,0.38519539389681684,1.7074662421275573,2.146615485573717
SYN22-5,2,italic('Synechococcus ') (WH8102),Optics,A,5,2022-08-24T17:00:00Z,2022-08-24,17:00:00,2022-11-27,2022-11-27T17:00:00Z,85254,1.4422151970863344,1.2363855752287107,0.37637523381999044,1.7452144801559633,2.1121798102520426
SYN22-5,2,italic('Synechococcus ') (WH8102),Optics,B,5,2022-08-24T17:00:00Z,2022-08-24,17:00:00,2022-11-27,2022-11-27T17:00:00Z,138984,1.4525612245231427,1.2265035795511525,0.3796912159132603,1.7533386618803757,2.130440987576047
SYN22-5,2,italic('Synechococcus ') (WH8102),Optics,C,5,2022-08-24T17:00:00Z,2022-08-24,17:00:00,2022-11-27,2022-11-27T17:00:00Z,83446,1.471073251581506,1.242732451549851,0.39174054319899987,1.7672103147346245,2.1653075050002233
SYN22-5,2,italic('Synechococcus ') (WH8102),Optics,A,6,2022-08-24T19:00:00Z,2022-08-24,19:00:00,2022-11-27,2022-11-27T19:00:00Z,137062,1.4182986067254149,1.2145260132614695,0.3792596150679842,1.772333424290313,2.089118633963712
SYN22-5,2,italic('Synechococcus ') (WH8102),Optics,B,6,2022-08-24T19:00:00Z,2022-08-24,19:00:00,2022-11-27,2022-11-27T19:00:00Z,112430,1.4820327378202578,1.23065357321188,0.3870268037215718,1.8004311664525112,2.153691153777218
SYN22-5,2,italic('Synechococcus ') (WH8102),Optics,C,6,2022-08-24T19:00:00Z,2022-08-24,19:00:00,2022-11-27,2022-11-27T19:00:00Z,94972,1.5017900855354123,1.260763421104261,0.3997074617384079,1.8075466224975576,2.1604751749175266
SYN22-5,2,italic('Synechococcus ') (WH8102),Optics,A,7,2022-08-24T21:00:00Z,2022-08-24,21:00:00,2022-11-27,2022-11-27T21:00:00Z,119887,1.4113475370764899,1.203336142742916,0.3804821615099573,1.712908993790643,2.0978198758431548
SYN22-5,2,italic('Synechococcus ') (WH8102),Optics,B,7,2022-08-24T21:00:00Z,2022-08-24,21:00:00,2022-11-27,2022-11-27T21:00:00Z,92599,1.484102066162301,1.2370185722597724,0.38904846430975626,1.7811726047309215,2.1500396383651816
SYN22-5,2,italic('Synechococcus ') (WH8102),Optics,C,7,2022-08-24T21:00:00Z,2022-08-24,21:00:00,2022-11-27,2022-11-27T21:00:00Z,159661,1.4992707287068905,1.2577578770935425,0.40183983930283135,1.7809392591305575,2.1560756035589974
SYN22-5,2,italic('Synechococcus ') (WH8102),Optics,A,9,2022-08-25T01:00:00Z,2022-08-25,01:00:00,2022-11-28,2022-11-28T01:00:00Z,115141,1.4144623804393,1.2120562939237343,0.37661177726618433,1.6578373204455492,2.1452220097094155
SYN22-5,2,italic('Synechococcus ') (WH8102),Optics,B,9,2022-08-25T01:00:00Z,2022-08-25,01:00:00,2022-11-28,2022-11-28T01:00:00Z,135367,1.461045969941531,1.240109821863781,0.39263830358899093,1.7147424850441904,2.1604925366747154
SYN22-5,2,italic('Synechococcus ') (WH8102),Optics,C,9,2022-08-25T01:00:00Z,2022-08-25,01:00:00,2022-11-28,2022-11-28T01:00:00Z,195876,1.4731672523024057,1.2550604449872744,0.40574392284371325,1.7101718733308664,2.169177448970841
SYN22-5,2,italic('Synechococcus ') (WH8102),Optics,A,10,2022-08-25T03:00:00Z,2022-08-25,03:00:00,2022-11-28,2022-11-28T03:00:00Z,90170,1.4297248032970793,1.2302067708354543,0.37886475481605447,1.624965513965948,2.1470010261904107
SYN22-5,2,italic('Synechococcus ') (WH8102),Optics,B,10,2022-08-25T03:00:00Z,2022-08-25,03:00:00,2022-11-28,2022-11-28T03:00:00Z,201186,1.454274734499601,1.239845991707731,0.39582791998593175,1.6615594203675927,2.151276931739344
SYN22-5,2,italic('Synechococcus ') (WH8102),Optics,C,10,2022-08-25T03:00:00Z,2022-08-25,03:00:00,2022-11-28,2022-11-28T03:00:00Z,73842,1.4702327386549146,1.269352060808343,0.3975748432224572,1.6757522958454913,2.183351252875503
SYN22-5,2,italic('Synechococcus ') (WH8102),Optics,A,11,2022-08-25T05:00:00Z,2022-08-25,05:00:00,2022-11-28,2022-11-28T05:00:00Z,93672,1.4212211465477247,1.222129759814491,0.3779549630620727,1.5888315415384842,2.148082408771572
SYN22-5,2,italic('Synechococcus ') (WH8102),Optics,B,11,2022-08-25T05:00:00Z,2022-08-25,05:00:00,2022-11-28,2022-11-28T05:00:00Z,174294,1.467328716735635,1.2658258569593372,0.3970584007980583,1.6480730727367012,2.1611096133117913
SYN22-5,2,italic('Synechococcus ') (WH8102),Optics,C,11,2022-08-25T05:00:00Z,2022-08-25,05:00:00,2022-11-28,2022-11-28T05:00:00Z,143955,1.4755222932167547,1.2735500398235562,0.4058865024182672,1.6475968780475383,2.2017352611349423
SYN22-5,2,italic('Synechococcus ') (WH8102),Optics,A,12,2022-08-25T07:00:00Z,2022-08-25,07:00:00,2022-11-28,2022-11-28T07:00:00Z,89632,1.448952477861316,1.2542080061736027,0.3809801167162724,1.5681997326149333,2.135638447869745
SYN22-5,2,italic('Synechococcus ') (WH8102),Optics,B,12,2022-08-25T07:00:00Z,2022-08-25,07:00:00,2022-11-28,2022-11-28T07:00:00Z,135679,1.4715134059202037,1.2731382171118253,0.39608806135981134,1.6196759141461645,2.176622106884304
SYN22-5,2,italic('Synechococcus ') (WH8102),Optics,C,12,2022-08-25T07:00:00Z,2022-08-25,07:00:00,2022-11-28,2022-11-28T07:00:00Z,198757,1.4671303858625535,1.2653952310743048,0.4038020987108837,1.6023191209990268,2.1742248202278076
SYN22-5,2,italic('Synechococcus ') (WH8102),Optics,A,13,2022-08-25T09:00:00Z,2022-08-25,09:00:00,2022-11-28,2022-11-28T09:00:00Z,121469,1.4207223151281492,1.2276993742229712,0.37816294825190816,1.4971236475548015,2.110948653247519
SYN22-5,2,italic('Synechococcus ') (WH8102),Optics,B,13,2022-08-25T09:00:00Z,2022-08-25,09:00:00,2022-11-28,2022-11-28T09:00:00Z,153955,1.4632274470008566,1.2752927403914736,0.39604405020787126,1.5827594989249807,2.1693232022434734
SYN22-5,2,italic('Synechococcus ') (WH8102),Optics,C,13,2022-08-25T09:00:00Z,2022-08-25,09:00:00,2022-11-28,2022-11-28T09:00:00Z,162372,1.4750864070299703,1.2807027147622132,0.40783410249395036,1.584842455866581,2.183369587451352
SYN22-5,2,italic('Synechococcus ') (WH8102),Optics,A,14,2022-08-25T11:00:00Z,2022-08-25,11:00:00,2022-11-28,2022-11-28T11:00:00Z,156836,1.449089563944999,1.2520008685063386,0.3805439483023836,1.5099780855172809,2.096182188562448
SYN22-5,2,italic('Synechococcus ') (WH8102),Optics,B,14,2022-08-25T11:00:00Z,2022-08-25,11:00:00,2022-11-28,2022-11-28T11:00:00Z,157232,1.4788004853723073,1.2719864225055018,0.39095902962634393,1.5651307826398266,2.1465801213991265
SYN22-5,2,italic('Synechococcus ') (WH8102),Optics,C,14,2022-08-25T11:00:00Z,2022-08-25,11:00:00,2022-11-28,2022-11-28T11:00:00Z,115198,1.4924105940484993,1.285232119135046,0.4040620176974813,1.571578195487649,2.1719140663477967
SYN22-5,2,italic('Synechococcus ') (WH8102),Optics,A,15,2022-08-25T13:00:00Z,2022-08-25,13:00:00,2022-11-28,2022-11-28T13:00:00Z,133446,1.4375082826539802,1.223547101955608,0.37593157853117326,1.5413734595583874,2.090877239881543
SYN22-5,2,italic('Synechococcus ') (WH8102),Optics,B,15,2022-08-25T13:00:00Z,2022-08-25,13:00:00,2022-11-28,2022-11-28T13:00:00Z,113503,1.4848853896599556,1.2533342226459347,0.39231507117711284,1.612867644132304,2.1321775523618873
SYN22-5,2,italic('Synechococcus ') (WH8102),Optics,C,15,2022-08-25T13:00:00Z,2022-08-25,13:00:00,2022-11-28,2022-11-28T13:00:00Z,152034,1.5202159431327686,1.2785672834118536,0.40387084437614906,1.6412527633249507,2.1715431244887426
OL22-2,1,italic('O. Lucimarinus'),Optics,A,1,2022-11-30T09:00:00Z,2022-11-30,09:00:00,2022-11-27,2022-11-27T09:00:00Z,525708,0.7605287024930367,0.6556891543633094,1.4582089785478531,1.172360120849428,1.7027595825599668
OL22-2,1,italic('O. Lucimarinus'),Optics,B,1,2022-11-30T09:00:00Z,2022-11-30,09:00:00,2022-11-27,2022-11-27T09:00:00Z,473444,0.7745917041105274,0.6689293174128814,1.4889757966716148,1.1744046006200426,1.692023842064037
OL22-2,1,italic('O. Lucimarinus'),Optics,C,1,2022-11-30T09:00:00Z,2022-11-30,09:00:00,2022-11-27,2022-11-27T09:00:00Z,414690,0.772621553162004,0.656101458877989,1.4850876032915643,1.169410896875132,1.7677532358802255
OL22-2,1,italic('O. Lucimarinus'),Optics,A,2,2022-11-30T11:00:00Z,2022-11-30,11:00:00,2022-11-27,2022-11-27T11:00:00Z,530505,0.7408244815477332,0.6458406983879175,1.4618407089343823,1.191589010455251,1.7324952044508661
OL22-2,1,italic('O. Lucimarinus'),Optics,B,2,2022-11-30T11:00:00Z,2022-11-30,11:00:00,2022-11-27,2022-11-27T11:00:00Z,454240,0.755040932890824,0.6443938400739739,1.4839514726057137,1.1150674720596965,1.738238693893385
OL22-2,1,italic('O. Lucimarinus'),Optics,C,2,2022-11-30T11:00:00Z,2022-11-30,11:00:00,2022-11-27,2022-11-27T11:00:00Z,510735,0.7561306746341696,0.6404076394151947,1.4787073581475174,1.1513295787544835,1.7003092353153537
OL22-2,1,italic('O. Lucimarinus'),Optics,A,3,2022-11-30T13:00:00Z,2022-11-30,13:00:00,2022-11-27,2022-11-27T13:00:00Z,507345,0.7386573734497113,0.651177579255841,1.46015804445004,1.2185638896166853,1.736463895219651
OL22-2,1,italic('O. Lucimarinus'),Optics,B,3,2022-11-30T13:00:00Z,2022-11-30,13:00:00,2022-11-27,2022-11-27T13:00:00Z,468925,0.748974653939465,0.6438649282886075,1.482570130585147,1.2178486294629804,1.7288472857484418
OL22-2,1,italic('O. Lucimarinus'),Optics,C,3,2022-11-30T13:00:00Z,2022-11-30,13:00:00,2022-11-27,2022-11-27T13:00:00Z,446330,0.7549253259707266,0.6505414000413847,1.4833205896771084,1.2171151578210113,1.7108210509694637
OL22-2,1,italic('O. Lucimarinus'),Optics,A,4,2022-11-30T15:00:00Z,2022-11-30,15:00:00,2022-11-27,2022-11-27T15:00:00Z,525420,0.7647954034879001,0.6375705990758784,1.4712735930247502,1.2865584677387738,1.7286000721575856
OL22-2,1,italic('O. Lucimarinus'),Optics,B,4,2022-11-30T15:00:00Z,2022-11-30,15:00:00,2022-11-27,2022-11-27T15:00:00Z,450850,0.763358442020035,0.6442182894840045,1.4768114698908028,1.2926395877961,1.7480785215722063
OL22-2,1,italic('O. Lucimarinus'),Optics,C,4,2022-11-30T15:00:00Z,2022-11-30,15:00:00,2022-11-27,2022-11-27T15:00:00Z,372880,0.7544884068626654,0.6148590850855269,1.4835487941494037,1.1762398748948586,1.7351718724300615
OL22-2,1,italic('O. Lucimarinus'),Optics,A,5,2022-11-30T17:00:00Z,2022-11-30,17:00:00,2022-11-27,2022-11-27T17:00:00Z,515250,0.725329077892749,0.6451488692708434,1.4934705431223736,1.3927315295180747,1.7998157350032042
OL22-2,1,italic('O. Lucimarinus'),Optics,B,5,2022-11-30T17:00:00Z,2022-11-30,17:00:00,2022-11-27,2022-11-27T17:00:00Z,370625,0.7544352496330294,0.6461486031253563,1.5152655182405017,1.2847175430357622,1.7353499213559274
OL22-2,1,italic('O. Lucimarinus'),Optics,C,5,2022-11-30T17:00:00Z,2022-11-30,17:00:00,2022-11-27,2022-11-27T17:00:00Z,468925,0.7629821522963551,0.6306235663109337,1.5225188165551886,1.3321863773009501,1.7751549523156154
OL22-2,1,italic('O. Lucimarinus'),Optics,A,6,2022-11-30T19:00:00Z,2022-11-30,19:00:00,2022-11-27,2022-11-27T19:00:00Z,491530,0.7508695608205762,0.6442012131135384,1.5608983595892945,1.328981014480519,1.7664562499942158
OL22-2,1,italic('O. Lucimarinus'),Optics,B,6,2022-11-30T19:00:00Z,2022-11-30,19:00:00,2022-11-27,2022-11-27T19:00:00Z,479090,0.7504277405428275,0.6426758348106107,1.5630981211499446,1.301847850719543,1.7597262986409923
OL22-2,1,italic('O. Lucimarinus'),Optics,C,6,2022-11-30T19:00:00Z,2022-11-30,19:00:00,2022-11-27,2022-11-27T19:00:00Z,384745,0.7614543356368566,0.6528664269588174,1.565553432693275,1.3484350195707908,1.7331762175253818
OL22-2,1,italic('O. Lucimarinus'),Optics,A,7,2022-11-30T21:00:00Z,2022-11-30,21:00:00,2022-11-27,2022-11-27T21:00:00Z,526550,0.7643582302322862,0.6364292585825149,1.5699546718533148,1.422749511565088,1.832409269247154
OL22-2,1,italic('O. Lucimarinus'),Optics,B,7,2022-11-30T21:00:00Z,2022-11-30,21:00:00,2022-11-27,2022-11-27T21:00:00Z,358200,0.7537867164204886,0.6366235143111856,1.5901440928952155,1.3033226111692398,1.734086566554847
OL22-2,1,italic('O. Lucimarinus'),Optics,C,7,2022-11-30T21:00:00Z,2022-11-30,21:00:00,2022-11-27,2022-11-27T21:00:00Z,574005,0.7529164251159134,0.6524754314454906,1.575672670672188,1.356856333520885,1.804127863937694
OL22-2,1,italic('O. Lucimarinus'),Optics,A,8,2022-11-30T23:00:00Z,2022-11-30,23:00:00,2022-11-27,2022-11-27T23:00:00Z,600000,0.7462680358467217,0.6580426202398495,1.5493765982569625,1.326688345150102,1.8040630476096937
OL22-2,1,italic('O. Lucimarinus'),Optics,B,8,2022-11-30T23:00:00Z,2022-11-30,23:00:00,2022-11-27,2022-11-27T23:00:00Z,456635,0.7488654831169794,0.6322549023032462,1.5540628612284593,1.2368012764696101,1.6919241120965451
OL22-2,1,italic('O. Lucimarinus'),Optics,C,8,2022-11-30T23:00:00Z,2022-11-30,23:00:00,2022-11-27,2022-11-27T23:00:00Z,500990,0.7475416454448143,0.6546403147851292,1.5597364805232818,1.2900036161251478,1.747893093864512
OL22-2,1,italic('O. Lucimarinus'),Optics,A,9,2022-12-01T01:00:00Z,2022-12-01,01:00:00,2022-11-28,2022-11-28T01:00:00Z,694915,0.7553108220279727,0.6473787856140858,1.5232426172238667,1.2551789259087345,1.7001334436811928
OL22-2,1,italic('O. Lucimarinus'),Optics,B,9,2022-12-01T01:00:00Z,2022-12-01,01:00:00,2022-11-28,2022-11-28T01:00:00Z,598310,0.7689081630610706,0.6419740426439018,1.5424686786855135,1.1589619939778624,1.7328001304733724
OL22-2,1,italic('O. Lucimarinus'),Optics,C,9,2022-12-01T01:00:00Z,2022-12-01,01:00:00,2022-11-28,2022-11-28T01:00:00Z,286435,0.7610957872977282,0.652983780603672,1.5424378652854758,1.2250139944365515,1.6440872794076093
OL22-2,1,italic('O. Lucimarinus'),Optics,A,10,2022-12-01T07:00:00Z,2022-12-01,07:00:00,2022-11-28,2022-11-28T07:00:00Z,616035,0.7394064098277251,0.6534608953330284,1.4873751574036815,1.0092700252839448,1.6761561762957702
OL22-2,1,italic('O. Lucimarinus'),Optics,B,10,2022-12-01T07:00:00Z,2022-12-01,07:00:00,2022-11-28,2022-11-28T07:00:00Z,661050,0.749252557532597,0.6565172154119763,1.4873573872841228,1.1607571305269877,1.7306492569956127
OL22-2,1,italic('O. Lucimarinus'),Optics,A,11,2022-12-01T09:00:00Z,2022-12-01,09:00:00,2022-11-28,2022-11-28T09:00:00Z,644070,0.7348884216136733,0.6499797109505805,1.4660993886914497,1.2276425626147307,1.7230091017127185
OL22-2,1,italic('O. Lucimarinus'),Optics,B,11,2022-12-01T09:00:00Z,2022-12-01,09:00:00,2022-11-28,2022-11-28T09:00:00Z,512425,0.7536791965854964,0.6352840963993706,1.4918079356275005,1.2221887251206995,1.758988035910411
OL22-2,1,italic('O. Lucimarinus'),Optics,A,12,2022-12-01T11:00:00Z,2022-12-01,11:00:00,2022-11-28,2022-11-28T11:00:00Z,690960,0.7386277371788704,0.6480221086854481,1.478812993289828,1.1413329070502403,1.6952668732430192
OL22-2,1,italic('O. Lucimarinus'),Optics,B,12,2022-12-01T11:00:00Z,2022-12-01,11:00:00,2022-11-28,2022-11-28T11:00:00Z,419210,0.7405156378493426,0.6407904766477875,1.4947696474290058,1.1669513549826769,1.6768751468224021
OL22-2,1,italic('O. Lucimarinus'),Optics,C,12,2022-12-01T11:00:00Z,2022-12-01,11:00:00,2022-11-28,2022-11-28T11:00:00Z,705650,0.7442586192711713,0.6489327903407365,1.4898255126635291,1.1831628115141712,1.7218150639313752
OL22-3,2,italic('O. Lucimarinus'),Optics,A,1,2022-12-07T09:00:00Z,2022-12-07,09:00:00,2022-11-27,2022-11-27T09:00:00Z,584745,0.7457783536759022,0.6336053653223934,1.5047522897525338,1.1154918219219332,1.658736031993816
OL22-3,2,italic('O. Lucimarinus'),Optics,B,1,2022-12-07T09:00:00Z,2022-12-07,09:00:00,2022-11-27,2022-11-27T09:00:00Z,375705,0.7587633935191965,0.6449434030778617,1.5364432254758786,0.9988902271794485,1.635767009758736
OL22-3,2,italic('O. Lucimarinus'),Optics,C,1,2022-12-07T09:00:00Z,2022-12-07,09:00:00,2022-11-27,2022-11-27T09:00:00Z,756395,0.7462030908047849,0.6491628991814994,1.5168722204727572,1.1099390350526686,1.6139419322853477
OL22-3,2,italic('O. Lucimarinus'),Optics,A,2,2022-12-07T11:00:00Z,2022-12-07,11:00:00,2022-11-27,2022-11-27T11:00:00Z,557625,0.7567504613086933,0.6393849061002503,1.515756037966487,1.1580843922720896,1.6769680718573516
OL22-3,2,italic('O. Lucimarinus'),Optics,B,2,2022-12-07T11:00:00Z,2022-12-07,11:00:00,2022-11-27,2022-11-27T11:00:00Z,550850,0.7634194300263771,0.6424965927140124,1.51982744910325,1.1242086130191784,1.7047017741321207
OL22-3,2,italic('O. Lucimarinus'),Optics,A,3,2022-12-07T13:00:00Z,2022-12-07,13:00:00,2022-11-27,2022-11-27T13:00:00Z,542935,0.7450847571240442,0.6418008685742531,1.5398202721236514,1.2069185100737727,1.6608696671891692
OL22-3,2,italic('O. Lucimarinus'),Optics,B,3,2022-12-07T13:00:00Z,2022-12-07,13:00:00,2022-11-27,2022-11-27T13:00:00Z,322035,0.7490523512650927,0.6470732043855965,1.5717914924711338,1.1072400635083723,1.6527097021880057
OL22-3,2,italic('O. Lucimarinus'),Optics,C,3,2022-12-07T13:00:00Z,2022-12-07,13:00:00,2022-11-27,2022-11-27T13:00:00Z,880795,0.7500235958540271,0.6552580741435374,1.5457047470788425,1.1699403795678616,1.7025095614290802
OL22-3,2,italic('O. Lucimarinus'),Optics,A,4,2022-12-07T15:00:00Z,2022-12-07,15:00:00,2022-11-27,2022-11-27T15:00:00Z,576835,0.7587111103474339,0.6350600674210294,1.550420118533261,1.2818146486878774,1.7337878567431493
OL22-3,2,italic('O. Lucimarinus'),Optics,B,4,2022-12-07T15:00:00Z,2022-12-07,15:00:00,2022-11-27,2022-11-27T15:00:00Z,660455,0.7586271671047422,0.6416891041607732,1.5568065591001772,1.206676286378637,1.7014261131820585
OL22-3,2,italic('O. Lucimarinus'),Optics,C,4,2022-12-07T15:00:00Z,2022-12-07,15:00:00,2022-11-27,2022-11-27T15:00:00Z,512990,0.7527104961620281,0.6558519789471491,1.5725411397200633,1.2133295873489491,1.7615927778681388
OL22-3,2,italic('O. Lucimarinus'),Optics,A,5,2022-12-07T17:00:00Z,2022-12-07,17:00:00,2022-11-27,2022-11-27T17:00:00Z,569245,0.7593824274270735,0.6332348238649401,1.6074336666436162,1.3297273778001883,1.7427367443000092
OL22-3,2,italic('O. Lucimarinus'),Optics,B,5,2022-12-07T17:00:00Z,2022-12-07,17:00:00,2022-11-27,2022-11-27T17:00:00Z,592865,0.7579627668997733,0.6406864630411337,1.6119096035489093,1.3528364319971606,1.7874622411509442
OL22-3,2,italic('O. Lucimarinus'),Optics,C,5,2022-12-07T17:00:00Z,2022-12-07,17:00:00,2022-11-27,2022-11-27T17:00:00Z,554270,0.7606773868688936,0.640650562095278,1.6222838839721128,1.350525193589454,1.7742050061855967
OL22-3,2,italic('O. Lucimarinus'),Optics,A,6,2022-12-07T19:00:00Z,2022-12-07,19:00:00,2022-11-27,2022-11-27T19:00:00Z,670055,0.7729618905241233,0.6489750154510798,1.6287672175882641,1.3428592592702415,1.7471860313655911
OL22-3,2,italic('O. Lucimarinus'),Optics,B,6,2022-12-07T19:00:00Z,2022-12-07,19:00:00,2022-11-27,2022-11-27T19:00:00Z,644065,0.7609357179190446,0.6471409745074039,1.6485762729107845,1.3217410873912074,1.7697541236972696
OL22-3,2,italic('O. Lucimarinus'),Optics,C,6,2022-12-07T19:00:00Z,2022-12-07,19:00:00,2022-11-27,2022-11-27T19:00:00Z,600570,0.7637199211500264,0.6578362347479064,1.6533399845238494,1.3634769421197204,1.776736123967543
OL22-3,2,italic('O. Lucimarinus'),Optics,A,7,2022-12-07T21:00:00Z,2022-12-07,21:00:00,2022-11-27,2022-11-27T21:00:00Z,589830,0.7629505016007425,0.6430881940734974,1.6137742376340984,1.2083239680352822,1.694640317285995
OL22-3,2,italic('O. Lucimarinus'),Optics,B,7,2022-12-07T21:00:00Z,2022-12-07,21:00:00,2022-11-27,2022-11-27T21:00:00Z,856495,0.7612849345397537,0.6447297720962121,1.6269776709501818,1.2254654305684054,1.731621262769841
OL22-3,2,italic('O. Lucimarinus'),Optics,C,7,2022-12-07T21:00:00Z,2022-12-07,21:00:00,2022-11-27,2022-11-27T21:00:00Z,726555,0.7620386617244346,0.6610792396791199,1.6321221959131413,1.3067717041876634,1.7323040917272274
OL22-3,2,italic('O. Lucimarinus'),Optics,A,8,2022-12-07T23:00:00Z,2022-12-07,23:00:00,2022-11-27,2022-11-27T23:00:00Z,799435,0.7427474428840948,0.6330399183765165,1.563998521360969,1.1876748828068764,1.726711316425916
OL22-3,2,italic('O. Lucimarinus'),Optics,B,8,2022-12-07T23:00:00Z,2022-12-07,23:00:00,2022-11-27,2022-11-27T23:00:00Z,587750,0.7530539937335994,0.624160866204491,1.5889322345413164,1.1900908423237668,1.6627857352961832
OL22-3,2,italic('O. Lucimarinus'),Optics,C,8,2022-12-07T23:00:00Z,2022-12-07,23:00:00,2022-11-27,2022-11-27T23:00:00Z,608860,0.7535636693245722,0.6499105140530386,1.597454884647808,1.1373595827428553,1.6730792720725869
OL22-3,2,italic('O. Lucimarinus'),Optics,A,9,2022-12-08T01:00:00Z,2022-12-08,01:00:00,2022-11-28,2022-11-28T01:00:00Z,837855,0.7348450387606482,0.6318084165083635,1.542215830140849,1.227009025042348,1.7272114938961902
OL22-3,2,italic('O. Lucimarinus'),Optics,B,9,2022-12-08T01:00:00Z,2022-12-08,01:00:00,2022-11-28,2022-11-28T01:00:00Z,833965,0.7391534928837592,0.6579358080006756,1.5552769679562661,1.1591110390591668,1.6699693401852038
OL22-3,2,italic('O. Lucimarinus'),Optics,C,9,2022-12-08T01:00:00Z,2022-12-08,01:00:00,2022-11-28,2022-11-28T01:00:00Z,806145,0.7558759495890885,0.6571231220670349,1.561715533189556,1.1936264990767933,1.6568728086278286
OL22-3,2,italic('O. Lucimarinus'),Optics,A,10,2022-12-08T03:00:00Z,2022-12-08,03:00:00,2022-11-28,2022-11-28T03:00:00Z,827120,0.7367261213394473,0.6519586056851308,1.5307793011961754,1.1190189318925707,1.620423438114605
OL22-3,2,italic('O. Lucimarinus'),Optics,B,10,2022-12-08T03:00:00Z,2022-12-08,03:00:00,2022-11-28,2022-11-28T03:00:00Z,793220,0.7411121286720661,0.6469306255427052,1.5456542695142106,1.103567934843554,1.6732616627795098
OL22-3,2,italic('O. Lucimarinus'),Optics,C,10,2022-12-08T03:00:00Z,2022-12-08,03:00:00,2022-11-28,2022-11-28T03:00:00Z,1154800,0.737467230497632,0.6546110632931399,1.5366484129758682,1.22389909964039,1.7550139749176294
OL22-3,2,italic('O. Lucimarinus'),Optics,A,11,2022-12-08T05:00:00Z,2022-12-08,05:00:00,2022-11-28,2022-11-28T05:00:00Z,863275,0.7312026120862052,0.637560122808057,1.5179872094724756,1.114527878239946,1.6116079394350313
OL22-3,2,italic('O. Lucimarinus'),Optics,B,11,2022-12-08T05:00:00Z,2022-12-08,05:00:00,2022-11-28,2022-11-28T05:00:00Z,827125,0.7291037636482618,0.6384235946444995,1.532108655150386,1.0877613972766453,1.6863061528199639
OL22-3,2,italic('O. Lucimarinus'),Optics,C,11,2022-12-08T05:00:00Z,2022-12-08,05:00:00,2022-11-28,2022-11-28T05:00:00Z,915815,0.7423893694423473,0.6468052100327666,1.5278256402067893,1.101773051883244,1.6734007136347637
OL22-3,2,italic('O. Lucimarinus'),Optics,A,12,2022-12-08T07:00:00Z,2022-12-08,07:00:00,2022-11-28,2022-11-28T07:00:00Z,888700,0.7487523216990254,0.6406455845990979,1.4975922695503434,1.0608052824788872,1.6552152692675954
OL22-3,2,italic('O. Lucimarinus'),Optics,B,12,2022-12-08T07:00:00Z,2022-12-08,07:00:00,2022-11-28,2022-11-28T07:00:00Z,880225,0.7436948128326533,0.6380219782825517,1.5101302622612933,1.0958051288473454,1.688791396972245
OL22-3,2,italic('O. Lucimarinus'),Optics,C,12,2022-12-08T07:00:00Z,2022-12-08,07:00:00,2022-11-28,2022-11-28T07:00:00Z,908475,0.7359646186992119,0.6306910984147938,1.520372288472811,1.1233725677049513,1.6904513572645936
OL22-3,2,italic('O. Lucimarinus'),Optics,A,13,2022-12-08T09:00:00Z,2022-12-08,09:00:00,2022-11-28,2022-11-28T09:00:00Z,979095,0.7352079128055653,0.6266179595267075,1.494392765098735,1.054242972251748,1.6698671522911992
OL22-3,2,italic('O. Lucimarinus'),Optics,B,13,2022-12-08T09:00:00Z,2022-12-08,09:00:00,2022-11-28,2022-11-28T09:00:00Z,1259890,0.7265097384062285,0.6306590326697191,1.4951038732284427,1.1585349735044115,1.712194672597466
OL22-3,2,italic('O. Lucimarinus'),Optics,C,13,2022-12-08T09:00:00Z,2022-12-08,09:00:00,2022-11-28,2022-11-28T09:00:00Z,NA,0.7338581839961955,0.6316298729831955,1.512028824509182,1.0627146955908582,1.6606096066053027
OL22-3,2,italic('O. Lucimarinus'),Optics,A,14,2022-12-08T11:00:00Z,2022-12-08,11:00:00,2022-11-28,2022-11-28T11:00:00Z,1090400,0.7382340740691993,0.6377531982907048,1.4970577584746614,1.2529072033551218,1.7135514255951176
OL22-3,2,italic('O. Lucimarinus'),Optics,B,14,2022-12-08T11:00:00Z,2022-12-08,11:00:00,2022-11-28,2022-11-28T11:00:00Z,761580,0.727941846381978,0.6377911958436153,1.5098030626258114,1.1251011736724086,1.7049392648221942
OL22-3,2,italic('O. Lucimarinus'),Optics,C,14,2022-12-08T11:00:00Z,2022-12-08,11:00:00,2022-11-28,2022-11-28T11:00:00Z,559460,0.7271334649446644,0.6477637557881784,1.5277429671129346,1.0573124304966042,1.6583175801720542
OL22-3,2,italic('O. Lucimarinus'),Optics,A,15,2022-12-08T13:00:00Z,2022-12-08,13:00:00,2022-11-28,2022-11-28T13:00:00Z,996045,0.723265527713082,0.6339432154309237,1.5279839223821874,1.2467625587370899,1.7754953328829695
OL22-3,2,italic('O. Lucimarinus'),Optics,B,15,2022-12-08T13:00:00Z,2022-12-08,13:00:00,2022-11-28,2022-11-28T13:00:00Z,768365,0.7325613668420851,0.649409360871847,1.5506754898971087,1.0649894357594392,1.637413232601769
OL22-3,2,italic('O. Lucimarinus'),Optics,C,15,2022-12-08T13:00:00Z,2022-12-08,13:00:00,2022-11-28,2022-11-28T13:00:00Z,980220,0.7356156904463949,0.651699778930825,1.5483083641542899,1.3239711267840637,1.8033256034948617
